dataset,run,method,accuracy,inference_time,avg_work_units,speedup,accuracy_drop,energy_reduction,worst_case_latency,lazy_rf_threshold,lazy_gbm_threshold
MNIST,0,Baseline A - Full RF,0.9704,0.03963732719421387,100.0,1.0,0.0,0.0,0.03963732719421387,,
MNIST,0,Baseline B - Fixed Cascade,0.9704,0.36659884452819824,44.068,0.10812180067077386,0.0,0.55932,0.03963732719421387,,
MNIST,0,Cascade RF (Two-Stage),0.9704,0.16506004333496094,49.57,0.24013883913611203,0.0,0.5043,0.03963732719421387,0.9,
MNIST,0,LazyRF,0.9697,0.5625073909759521,17.378,0.07046543357491353,0.0007000000000000339,0.82622,0.03963732719421387,0.95,
MNIST,0,Baseline C - QuickScorer,0.9704,116.05004811286926,100.0,0.00034155373340011844,0.0,0.0,0.03963732719421387,,
MNIST,0,Baseline D - Full BranchyNet,0.9741,0.0019545555114746094,3.0,1.0,0.0,0.0,0.0019545555114746094,,
MNIST,0,Baseline D - Early Exit BranchyNet,0.9742,0.059250593185424805,1.1214,0.03298794841357665,-9.999999999998899e-05,0.6262000000000001,0.0019545555114746094,,
MNIST,0,Full GBM,0.9458,0.17523622512817383,100.0,1.0,0.0,0.0,0.17523622512817383,,
MNIST,0,LazyGBM,0.9418,2.3062400817871094,81.0,0.07598351382063527,0.0040000000000000036,0.18999999999999995,0.17523622512817383,,3.0
Covertype,0,Baseline A - Full RF,0.927175,0.0626072883605957,100.0,1.0,0.0,0.0,0.0626072883605957,,
Covertype,0,Baseline B - Fixed Cascade,0.927275,1.1548223495483398,44.39175,0.05421378308540869,-9.999999999998899e-05,0.5560825,0.0626072883605957,,
Covertype,0,Cascade RF (Two-Stage),0.927275,0.0676419734954834,50.47,0.925568624410051,-9.999999999998899e-05,0.49529999999999996,0.0626072883605957,0.9,
Covertype,0,LazyRF,0.926875,1.6906588077545166,18.837,0.03703129695562221,0.00029999999999996696,0.81163,0.0626072883605957,0.95,
Covertype,0,Baseline C - QuickScorer,0.927175,288.9465389251709,100.0,0.0002166742975828108,0.0,0.0,0.0626072883605957,,
Covertype,0,Baseline D - Full BranchyNet,0.848375,0.0016794204711914062,3.0,1.0,0.0,0.0,0.0016794204711914062,,
Covertype,0,Baseline D - Early Exit BranchyNet,0.84325,0.0022745132446289062,2.084825,0.7383647798742138,0.005124999999999935,0.3050583333333333,0.0016794204711914062,,
Covertype,0,Full GBM,0.774925,0.2351832389831543,100.0,1.0,0.0,0.0,0.2351832389831543,,
Covertype,0,LazyGBM,0.769975,0.8675713539123535,80.99935,0.27108230109556347,0.00495000000000001,0.19000649999999997,0.2351832389831543,,3.0
Higgs,0,Baseline A - Full RF,0.7224,0.0661158561706543,100.0,1.0,0.0,0.0,0.0661158561706543,,
Higgs,0,Baseline B - Fixed Cascade,0.7224,2.0644724369049072,81.5375,0.032025545601265734,0.0,0.18462500000000004,0.0661158561706543,,
Higgs,0,Cascade RF (Two-Stage),0.7224,0.0827798843383789,90.0125,0.7986947154986693,0.0,0.09987499999999994,0.0661158561706543,0.9,
Higgs,0,LazyRF,0.721775,1.0348403453826904,39.33225,0.06388990965191277,0.0006249999999999867,0.6066775,0.0661158561706543,0.95,
Higgs,0,Baseline C - QuickScorer,0.7224,284.9912123680115,100.0,0.0002319926134609314,0.0,0.0,0.0661158561706543,,
Higgs,0,Baseline D - Full BranchyNet,0.7321,0.0018396377563476562,3.0,1.0,0.0,0.0,0.0018396377563476562,,
Higgs,0,Baseline D - Early Exit BranchyNet,0.73185,0.002249479293823242,2.497125,0.8178060413354531,0.00024999999999997247,0.16762500000000002,0.0018396377563476562,,
Higgs,0,Full GBM,0.712925,0.04520392417907715,100.0,1.0,0.0,0.0,0.04520392417907715,,
Higgs,0,LazyGBM,0.712925,0.1580054759979248,75.86255,0.2860908705447072,0.0,0.24137450000000005,0.04520392417907715,,3.0
Credit Card,0,Baseline A - Full RF,0.99945,0.026673078536987305,100.0,1.0,0.0,0.0,0.026673078536987305,,
Credit Card,0,Baseline B - Fixed Cascade,0.99945,0.21153712272644043,10.11475,0.12609171474588363,0.0,0.8988525,0.026673078536987305,,
Credit Card,0,Cascade RF (Two-Stage),0.99945,0.04539895057678223,10.14,0.5875263238051225,0.0,0.8986,0.026673078536987305,0.9,
Credit Card,0,LazyRF,0.99945,0.2018437385559082,10.02575,0.13214716853651218,0.0,0.8997425,0.026673078536987305,0.95,
Credit Card,0,Baseline C - QuickScorer,0.99945,273.8554880619049,100.0,9.739837140294179e-05,0.0,0.0,0.026673078536987305,,
Credit Card,0,Baseline D - Full BranchyNet,0.999125,0.0016238689422607422,3.0,1.0,0.0,0.0,0.0016238689422607422,,
Credit Card,0,Baseline D - Early Exit BranchyNet,0.999125,0.002064943313598633,1.002,0.7863987992148712,0.0,0.6659999999999999,0.0016238689422607422,,
Credit Card,0,Full GBM,0.99905,0.017450809478759766,100.0,1.0,0.0,0.0,0.017450809478759766,,
Credit Card,0,LazyGBM,0.99905,0.06919527053833008,10.000925,0.25219656405697627,0.0,0.89999075,0.017450809478759766,,3.0
MNIST,1,Baseline A - Full RF,0.9694,0.03904104232788086,100.0,1.0,0.0,0.0,0.03904104232788086,,
MNIST,1,Baseline B - Fixed Cascade,0.9694,0.3688623905181885,44.867,0.10584175381240381,0.0,0.5513300000000001,0.03904104232788086,,
MNIST,1,Cascade RF (Two-Stage),0.9694,0.04752922058105469,50.58,0.8214113728480276,0.0,0.4942,0.03904104232788086,0.9,
MNIST,1,LazyRF,0.9691,0.5678784847259521,17.582,0.06874893727787795,0.000300000000000078,0.82418,0.03904104232788086,0.95,
MNIST,1,Baseline C - QuickScorer,0.9694,116.25923681259155,100.0,0.0003358102409601616,0.0,0.0,0.03904104232788086,,
MNIST,1,Baseline D - Full BranchyNet,0.9756,0.0008304119110107422,3.0,1.0,0.0,0.0,0.0008304119110107422,,
MNIST,1,Baseline D - Early Exit BranchyNet,0.976,0.001172780990600586,1.1149,0.7080707460866029,-0.00039999999999995595,0.6283666666666667,0.0008304119110107422,,
MNIST,1,Full GBM,0.9459,0.1531217098236084,100.0,1.0,0.0,0.0,0.1531217098236084,,
MNIST,1,LazyGBM,0.9419,2.2427449226379395,81.0,0.06827424210306765,0.0040000000000000036,0.18999999999999995,0.1531217098236084,,3.0
Covertype,1,Baseline A - Full RF,0.924675,0.06461977958679199,100.0,1.0,0.0,0.0,0.06461977958679199,,
Covertype,1,Baseline B - Fixed Cascade,0.9247,1.1677968502044678,44.9905,0.05533477811271525,-2.4999999999941735e-05,0.550095,0.06461977958679199,,
Covertype,1,Cascade RF (Two-Stage),0.9247,0.06865501403808594,50.97,0.9412244756216142,-2.4999999999941735e-05,0.49029999999999996,0.06461977958679199,0.9,
Covertype,1,LazyRF,0.924225,1.70143723487854,19.19275,0.03797952593379384,0.00045000000000006146,0.8080725,0.06461977958679199,0.95,
Covertype,1,Baseline C - QuickScorer,0.924675,291.118754863739,100.0,0.00022197051377551374,0.0,0.0,0.06461977958679199,,
Covertype,1,Baseline D - Full BranchyNet,0.835625,0.0017018318176269531,3.0,1.0,0.0,0.0,0.0017018318176269531,,
Covertype,1,Baseline D - Early Exit BranchyNet,0.83085,0.0022735595703125,2.041975,0.7485318791946308,0.004774999999999974,0.31934166666666675,0.0017018318176269531,,
Covertype,1,Full GBM,0.77115,0.23865771293640137,100.0,1.0,0.0,0.0,0.23865771293640137,,
Covertype,1,LazyGBM,0.766025,0.8849532604217529,80.9969,0.2696839749736177,0.005125000000000046,0.19003100000000006,0.23865771293640137,,3.0
Higgs,1,Baseline A - Full RF,0.72365,0.060256004333496094,100.0,1.0,0.0,0.0,0.060256004333496094,,
Higgs,1,Baseline B - Fixed Cascade,0.723475,2.058528423309326,82.345,0.029271397786496185,0.00017500000000003624,0.17654999999999998,0.060256004333496094,,
Higgs,1,Cascade RF (Two-Stage),0.723475,0.08824872970581055,90.9625,0.6827974128847848,0.00017500000000003624,0.09037499999999998,0.060256004333496094,0.9,
Higgs,1,LazyRF,0.722875,1.0478854179382324,39.7825,0.057502474318282655,0.0007749999999999702,0.602175,0.060256004333496094,0.95,
Higgs,1,Baseline C - QuickScorer,0.72365,285.4355397224426,100.0,0.00021110196856386209,0.0,0.0,0.060256004333496094,,
Higgs,1,Baseline D - Full BranchyNet,0.73125,0.001665353775024414,3.0,1.0,0.0,0.0,0.001665353775024414,,
Higgs,1,Baseline D - Early Exit BranchyNet,0.731125,0.00213623046875,2.46075,0.7795758928571429,0.00012499999999993072,0.17974999999999997,0.001665353775024414,,
Higgs,1,Full GBM,0.711575,0.04477691650390625,100.0,1.0,0.0,0.0,0.04477691650390625,,
Higgs,1,LazyGBM,0.711575,0.15138483047485352,73.949125,0.2957820566529229,0.0,0.26050875000000007,0.04477691650390625,,3.0
Credit Card,1,Baseline A - Full RF,0.999525,0.026463031768798828,100.0,1.0,0.0,0.0,0.026463031768798828,,
Credit Card,1,Baseline B - Fixed Cascade,0.999525,0.2095949649810791,10.084,0.12625795553432184,0.0,0.89916,0.026463031768798828,,
Credit Card,1,Cascade RF (Two-Stage),0.999525,0.043633222579956055,10.11,0.6064881345930027,0.0,0.8989,0.026463031768798828,0.9,
Credit Card,1,LazyRF,0.999525,0.2012174129486084,10.0165,0.13151462083233112,0.0,0.8998349999999999,0.026463031768798828,0.95,
Credit Card,1,Baseline C - QuickScorer,0.999525,275.8936240673065,100.0,9.591751842131355e-05,0.0,0.0,0.026463031768798828,,
Credit Card,1,Baseline D - Full BranchyNet,0.999275,0.0015943050384521484,3.0,1.0,0.0,0.0,0.0015943050384521484,,
Credit Card,1,Baseline D - Early Exit BranchyNet,0.999275,0.0020456314086914062,1.00195,0.7793706293706294,0.0,0.6660166666666667,0.0015943050384521484,,
Credit Card,1,Full GBM,0.99845,0.01737666130065918,100.0,1.0,0.0,0.0,0.01737666130065918,,
Credit Card,1,LazyGBM,0.99845,0.13140869140625,95.843825,0.13223372909893172,0.0,0.041561750000000064,0.01737666130065918,,3.0
MNIST,2,Baseline A - Full RF,0.9689,0.03981137275695801,100.0,1.0,0.0,0.0,0.03981137275695801,,
MNIST,2,Baseline B - Fixed Cascade,0.9689,0.35901331901550293,43.846,0.11089107464349776,0.0,0.56154,0.03981137275695801,,
MNIST,2,Cascade RF (Two-Stage),0.9689,0.04864335060119629,49.09,0.8184340154392844,0.0,0.5090999999999999,0.03981137275695801,0.9,
MNIST,2,LazyRF,0.9689,0.562218189239502,17.562,0.07081125000742118,0.0,0.82438,0.03981137275695801,0.95,
MNIST,2,Baseline C - QuickScorer,0.9689,117.68296217918396,100.0,0.0003382934285452575,0.0,0.0,0.03981137275695801,,
MNIST,2,Baseline D - Full BranchyNet,0.9745,0.0008013248443603516,3.0,1.0,0.0,0.0,0.0008013248443603516,,
MNIST,2,Baseline D - Early Exit BranchyNet,0.9745,0.0011146068572998047,1.1172,0.7189304812834224,0.0,0.6275999999999999,0.0008013248443603516,,
MNIST,2,Full GBM,0.9458,0.15314173698425293,100.0,1.0,0.0,0.0,0.15314173698425293,,
MNIST,2,LazyGBM,0.9418,2.2488131523132324,81.0,0.06809891556651752,0.0040000000000000036,0.18999999999999995,0.15314173698425293,,3.0
Covertype,2,Baseline A - Full RF,0.92885,0.06398248672485352,100.0,1.0,0.0,0.0,0.06398248672485352,,
Covertype,2,Baseline B - Fixed Cascade,0.928875,1.148115634918213,44.444,0.05572826009760887,-2.5000000000052758e-05,0.55556,0.06398248672485352,,
Covertype,2,Cascade RF (Two-Stage),0.928875,0.06730175018310547,50.3475,0.95068087458021,-2.5000000000052758e-05,0.496525,0.06398248672485352,0.9,
Covertype,2,LazyRF,0.9281,1.7079403400421143,19.16275,0.03746178085077365,0.0007499999999999174,0.8083725,0.06398248672485352,0.95,
Covertype,2,Baseline C - QuickScorer,0.92885,289.5344521999359,100.0,0.00022098401844306554,0.0,0.0,0.06398248672485352,,
Covertype,2,Baseline D - Full BranchyNet,0.84445,0.0016613006591796875,3.0,1.0,0.0,0.0,0.0016613006591796875,,
Covertype,2,Baseline D - Early Exit BranchyNet,0.83955,0.002427816390991211,2.072,0.6842777177649023,0.0049000000000000155,0.30933333333333335,0.0016613006591796875,,
Covertype,2,Full GBM,0.7737,0.2383863925933838,100.0,1.0,0.0,0.0,0.2383863925933838,,
Covertype,2,LazyGBM,0.76815,0.8791301250457764,80.99985,0.2711616697027314,0.005550000000000055,0.19000150000000005,0.2383863925933838,,3.0
Higgs,2,Baseline A - Full RF,0.7204,0.06448793411254883,100.0,1.0,0.0,0.0,0.06448793411254883,,
Higgs,2,Baseline B - Fixed Cascade,0.720175,2.0500364303588867,82.13575,0.03145696981651167,0.00022500000000003073,0.17864250000000004,0.06448793411254883,,
Higgs,2,Cascade RF (Two-Stage),0.720175,0.0835578441619873,90.705,0.7717759446681143,0.00022500000000003073,0.09294999999999998,0.06448793411254883,0.9,
Higgs,2,LazyRF,0.718825,1.0211491584777832,39.51625,0.06315231577792253,0.001574999999999993,0.6048375,0.06448793411254883,0.95,
Higgs,2,Baseline C - QuickScorer,0.7204,284.7885947227478,100.0,0.00022644142113672147,0.0,0.0,0.06448793411254883,,
Higgs,2,Baseline D - Full BranchyNet,0.73255,0.0016100406646728516,3.0,1.0,0.0,0.0,0.0016100406646728516,,
Higgs,2,Baseline D - Early Exit BranchyNet,0.732325,0.002137422561645508,2.415025,0.7532626882320134,0.00022500000000003073,0.19499166666666667,0.0016100406646728516,,
Higgs,2,Full GBM,0.710525,0.04614067077636719,100.0,1.0,0.0,0.0,0.04614067077636719,,
Higgs,2,LazyGBM,0.710525,0.15305018424987793,77.737175,0.3014741276040247,0.0,0.22262825000000008,0.04614067077636719,,3.0
Credit Card,2,Baseline A - Full RF,0.99945,0.027443647384643555,100.0,1.0,0.0,0.0,0.027443647384643555,,
Credit Card,2,Baseline B - Fixed Cascade,0.99945,0.2132577896118164,10.1005,0.12868766685895974,0.0,0.898995,0.027443647384643555,,
Credit Card,2,Cascade RF (Two-Stage),0.99945,0.046851158142089844,10.1325,0.5857624117084291,0.0,0.898675,0.027443647384643555,0.9,
Credit Card,2,LazyRF,0.99945,0.19588232040405273,10.02325,0.1401027276378729,0.0,0.8997675,0.027443647384643555,0.95,
Credit Card,2,Baseline C - QuickScorer,0.99945,274.8678832054138,100.0,9.984304846606765e-05,0.0,0.0,0.027443647384643555,,
Credit Card,2,Baseline D - Full BranchyNet,0.9991,0.0016016960144042969,3.0,1.0,0.0,0.0,0.0016016960144042969,,
Credit Card,2,Baseline D - Early Exit BranchyNet,0.9991,0.002063274383544922,1.001525,0.7762884215391727,0.0,0.6661583333333334,0.0016016960144042969,,
Credit Card,2,Full GBM,0.99855,0.017531394958496094,100.0,1.0,0.0,0.0,0.017531394958496094,,
Credit Card,2,LazyGBM,0.99855,0.07458043098449707,18.97715,0.23506695693593296,0.0,0.8102285,0.017531394958496094,,3.0
MNIST,3,Baseline A - Full RF,0.9695,0.03967714309692383,100.0,1.0,0.0,0.0,0.03967714309692383,,
MNIST,3,Baseline B - Fixed Cascade,0.9695,0.3625328540802002,43.909,0.10944426870659942,0.0,0.56091,0.03967714309692383,,
MNIST,3,Cascade RF (Two-Stage),0.9695,0.046591997146606445,49.26,0.8515870863417954,0.0,0.5074000000000001,0.03967714309692383,0.9,
MNIST,3,LazyRF,0.9692,0.5676696300506592,17.58,0.06989477857637552,0.000300000000000078,0.8242,0.03967714309692383,0.95,
MNIST,3,Baseline C - QuickScorer,0.9695,116.60926651954651,100.0,0.00034025720494754153,0.0,0.0,0.03967714309692383,,
MNIST,3,Baseline D - Full BranchyNet,0.9779,0.0008199214935302734,3.0,1.0,0.0,0.0,0.0008199214935302734,,
MNIST,3,Baseline D - Early Exit BranchyNet,0.9782,0.001146078109741211,1.1227,0.7154150197628458,-0.00029999999999996696,0.6257666666666666,0.0008199214935302734,,
MNIST,3,Full GBM,0.9459,0.15790557861328125,100.0,1.0,0.0,0.0,0.15790557861328125,,
MNIST,3,LazyGBM,0.9419,2.3965299129486084,81.0,0.06588925836481617,0.0040000000000000036,0.18999999999999995,0.15790557861328125,,3.0
Covertype,3,Baseline A - Full RF,0.927875,0.060758113861083984,100.0,1.0,0.0,0.0,0.060758113861083984,,
Covertype,3,Baseline B - Fixed Cascade,0.9278,1.1589560508728027,44.37025,0.05242486444186337,7.500000000004725e-05,0.5562975,0.060758113861083984,,
Covertype,3,Cascade RF (Two-Stage),0.9278,0.06847429275512695,50.1725,0.8873127624459439,7.500000000004725e-05,0.498275,0.060758113861083984,0.9,
Covertype,3,LazyRF,0.92745,1.7003304958343506,19.1335,0.03573312012572593,0.0004250000000000087,0.808665,0.060758113861083984,0.95,
Covertype,3,Baseline C - QuickScorer,0.927875,290.5602548122406,100.0,0.0002091067613509141,0.0,0.0,0.060758113861083984,,
Covertype,3,Baseline D - Full BranchyNet,0.842925,0.0017240047454833984,3.0,1.0,0.0,0.0,0.0017240047454833984,,
Covertype,3,Baseline D - Early Exit BranchyNet,0.83785,0.002396106719970703,2.01715,0.719502487562189,0.005075000000000052,0.32761666666666667,0.0017240047454833984,,
Covertype,3,Full GBM,0.77325,0.23812460899353027,100.0,1.0,0.0,0.0,0.23812460899353027,,
Covertype,3,LazyGBM,0.767175,0.8853001594543457,80.998225,0.2689761279838674,0.0060749999999999416,0.19001774999999999,0.23812460899353027,,3.0
Higgs,3,Baseline A - Full RF,0.722675,0.06285858154296875,100.0,1.0,0.0,0.0,0.06285858154296875,,
Higgs,3,Baseline B - Fixed Cascade,0.722675,2.0458991527557373,82.61325,0.03072418376942039,0.0,0.17386750000000006,0.06285858154296875,,
Higgs,3,Cascade RF (Two-Stage),0.722675,0.08421826362609863,91.2675,0.7463770782788892,0.0,0.08732499999999999,0.06285858154296875,0.9,
Higgs,3,LazyRF,0.721475,1.0342051982879639,39.98175,0.06077960316485126,0.0011999999999999789,0.6001825000000001,0.06285858154296875,0.95,
Higgs,3,Baseline C - QuickScorer,0.722675,281.6294574737549,100.0,0.00022319604670199158,0.0,0.0,0.06285858154296875,,
Higgs,3,Baseline D - Full BranchyNet,0.7302,0.0016438961029052734,3.0,1.0,0.0,0.0,0.0016438961029052734,,
Higgs,3,Baseline D - Early Exit BranchyNet,0.73005,0.0021300315856933594,2.524025,0.7717707633758675,0.00014999999999998348,0.15865833333333335,0.0016438961029052734,,
Higgs,3,Full GBM,0.712475,0.04490804672241211,100.0,1.0,0.0,0.0,0.04490804672241211,,
Higgs,3,LazyGBM,0.712475,0.15151524543762207,75.805225,0.29639292463741207,0.0,0.24194775000000002,0.04490804672241211,,3.0
Credit Card,3,Baseline A - Full RF,0.99955,0.02669525146484375,100.0,1.0,0.0,0.0,0.02669525146484375,,
Credit Card,3,Baseline B - Fixed Cascade,0.99955,0.20707082748413086,10.09225,0.12891845649715952,0.0,0.8990775,0.02669525146484375,,
Credit Card,3,Cascade RF (Two-Stage),0.99955,0.04616904258728027,10.115,0.5782067370008314,0.0,0.89885,0.02669525146484375,0.9,
Credit Card,3,LazyRF,0.99955,0.19092273712158203,10.02075,0.13982227505906683,0.0,0.8997925,0.02669525146484375,0.95,
Credit Card,3,Baseline C - QuickScorer,0.99955,273.9635112285614,100.0,9.744090132708411e-05,0.0,0.0,0.02669525146484375,,
Credit Card,3,Baseline D - Full BranchyNet,0.999525,0.001598358154296875,3.0,1.0,0.0,0.0,0.001598358154296875,,
Credit Card,3,Baseline D - Early Exit BranchyNet,0.999525,0.0020716190338134766,1.002025,0.7715502359304868,0.0,0.6659916666666668,0.001598358154296875,,
Credit Card,3,Full GBM,0.9993,0.017278671264648438,100.0,1.0,0.0,0.0,0.017278671264648438,,
Credit Card,3,LazyGBM,0.9993,0.0862739086151123,33.001825,0.20027690343476326,0.0,0.66998175,0.017278671264648438,,3.0
MNIST,4,Baseline A - Full RF,0.9692,0.03979349136352539,100.0,1.0,0.0,0.0,0.03979349136352539,,
MNIST,4,Baseline B - Fixed Cascade,0.9691,0.36544060707092285,44.312,0.10889181605316914,9.999999999998899e-05,0.55688,0.03979349136352539,,
MNIST,4,Cascade RF (Two-Stage),0.9691,0.047658681869506836,49.83,0.8349683583881538,9.999999999998899e-05,0.5017,0.03979349136352539,0.9,
MNIST,4,LazyRF,0.969,0.5644583702087402,17.559,0.0704985406608631,0.00019999999999997797,0.82441,0.03979349136352539,0.95,
MNIST,4,Baseline C - QuickScorer,0.9692,116.47562670707703,100.0,0.0003416465099913264,0.0,0.0,0.03979349136352539,,
MNIST,4,Baseline D - Full BranchyNet,0.9736,0.0008609294891357422,3.0,1.0,0.0,0.0,0.0008609294891357422,,
MNIST,4,Baseline D - Early Exit BranchyNet,0.9741,0.0011317729949951172,1.1225,0.7606909627132926,-0.0004999999999999449,0.6258333333333332,0.0008609294891357422,,
MNIST,4,Full GBM,0.9458,0.16093039512634277,100.0,1.0,0.0,0.0,0.16093039512634277,,
MNIST,4,LazyGBM,0.9418,2.420905113220215,81.0,0.06647530060039322,0.0040000000000000036,0.18999999999999995,0.16093039512634277,,3.0
Covertype,4,Baseline A - Full RF,0.92495,0.062093496322631836,100.0,1.0,0.0,0.0,0.062093496322631836,,
Covertype,4,Baseline B - Fixed Cascade,0.92495,1.1643688678741455,45.01775,0.053328028630651614,0.0,0.5498225,0.062093496322631836,,
Covertype,4,Cascade RF (Two-Stage),0.92495,0.06936359405517578,50.96,0.895188566400396,0.0,0.49039999999999995,0.062093496322631836,0.9,
Covertype,4,LazyRF,0.9244,1.7262804508209229,19.31975,0.03596952991798269,0.0005500000000000504,0.8068025,0.062093496322631836,0.95,
Covertype,4,Baseline C - QuickScorer,0.92495,289.8426191806793,100.0,0.0002142317665295613,0.0,0.0,0.062093496322631836,,
Covertype,4,Baseline D - Full BranchyNet,0.844025,0.0017104148864746094,3.0,1.0,0.0,0.0,0.0017104148864746094,,
Covertype,4,Baseline D - Early Exit BranchyNet,0.837125,0.0022749900817871094,2.077225,0.7518339970656047,0.006900000000000017,0.3075916666666667,0.0017104148864746094,,
Covertype,4,Full GBM,0.769825,0.24056792259216309,100.0,1.0,0.0,0.0,0.24056792259216309,,
Covertype,4,LazyGBM,0.76445,0.8828446865081787,81.0,0.27249178283402903,0.005375000000000019,0.18999999999999995,0.24056792259216309,,3.0
Higgs,4,Baseline A - Full RF,0.7203,0.0569758415222168,100.0,1.0,0.0,0.0,0.0569758415222168,,
Higgs,4,Baseline B - Fixed Cascade,0.72025,2.0281357765197754,82.13125,0.028092715577448052,5.0000000000105516e-05,0.1786875000000001,0.0569758415222168,,
Higgs,4,Cascade RF (Two-Stage),0.72025,0.08283567428588867,90.65,0.6878176825793378,5.0000000000105516e-05,0.09349999999999992,0.0569758415222168,0.9,
Higgs,4,LazyRF,0.718675,1.05104398727417,39.919,0.05420880782542774,0.0016250000000000986,0.6008100000000001,0.0569758415222168,0.95,
Higgs,4,Baseline C - QuickScorer,0.7203,282.7280306816101,100.0,0.00020152172879660198,0.0,0.0,0.0569758415222168,,
Higgs,4,Baseline D - Full BranchyNet,0.7271,0.0016429424285888672,3.0,1.0,0.0,0.0,0.0016429424285888672,,
Higgs,4,Baseline D - Early Exit BranchyNet,0.726925,0.0021216869354248047,2.46195,0.7743566692886841,0.00017499999999992522,0.17935,0.0016429424285888672,,
Higgs,4,Full GBM,0.70905,0.04543757438659668,100.0,1.0,0.0,0.0,0.04543757438659668,,
Higgs,4,LazyGBM,0.70905,0.15446114540100098,82.775275,0.29416831183424735,0.0,0.17224725000000007,0.04543757438659668,,3.0
Credit Card,4,Baseline A - Full RF,0.99945,0.027231693267822266,100.0,1.0,0.0,0.0,0.027231693267822266,,
Credit Card,4,Baseline B - Fixed Cascade,0.99945,0.20350933074951172,10.06,0.13381053914102956,0.0,0.8994,0.027231693267822266,,
Credit Card,4,Cascade RF (Two-Stage),0.99945,0.034860849380493164,10.075,0.7811540381761355,0.0,0.89925,0.027231693267822266,0.9,
Credit Card,4,LazyRF,0.99945,0.19482064247131348,10.0185,0.13977827463448603,0.0,0.899815,0.027231693267822266,0.95,
Credit Card,4,Baseline C - QuickScorer,0.99945,272.130024433136,100.0,0.00010006868343376517,0.0,0.0,0.027231693267822266,,
Credit Card,4,Baseline D - Full BranchyNet,0.9991,0.0021560192108154297,3.0,1.0,0.0,0.0,0.0021560192108154297,,
Credit Card,4,Baseline D - Early Exit BranchyNet,0.9991,0.0020411014556884766,1.001025,1.056301833897909,0.0,0.6663250000000001,0.0021560192108154297,,
Credit Card,4,Full GBM,0.998,0.017308473587036133,100.0,1.0,0.0,0.0,0.017308473587036133,,
Credit Card,4,LazyGBM,0.998,0.06984806060791016,10.9909,0.24780177769282233,0.0,0.890091,0.017308473587036133,,3.0
MNIST,5,Baseline A - Full RF,0.969,0.039849042892456055,100.0,1.0,0.0,0.0,0.039849042892456055,,
MNIST,5,Baseline B - Fixed Cascade,0.969,0.3697092533111572,44.464,0.10778481343261925,0.0,0.5553600000000001,0.039849042892456055,,
MNIST,5,Cascade RF (Two-Stage),0.969,0.047940731048583984,49.910000000000004,0.8312147524841107,0.0,0.5008999999999999,0.039849042892456055,0.9,
MNIST,5,LazyRF,0.9689,0.5690340995788574,17.611,0.07002927051638622,9.999999999998899e-05,0.82389,0.039849042892456055,0.95,
MNIST,5,Baseline C - QuickScorer,0.969,116.61641931533813,100.0,0.00034171039658404995,0.0,0.0,0.039849042892456055,,
MNIST,5,Baseline D - Full BranchyNet,0.9732,0.0008268356323242188,3.0,1.0,0.0,0.0,0.0008268356323242188,,
MNIST,5,Baseline D - Early Exit BranchyNet,0.9738,0.0011734962463378906,1.1274,0.7045916294189354,-0.0006000000000000449,0.6242000000000001,0.0008268356323242188,,
MNIST,5,Full GBM,0.9459,0.1570451259613037,100.0,1.0,0.0,0.0,0.1570451259613037,,
MNIST,5,LazyGBM,0.9419,2.2299485206604004,81.0,0.07042544906588011,0.0040000000000000036,0.18999999999999995,0.1570451259613037,,3.0
Covertype,5,Baseline A - Full RF,0.927275,0.06004786491394043,100.0,1.0,0.0,0.0,0.06004786491394043,,
Covertype,5,Baseline B - Fixed Cascade,0.9273,1.1678452491760254,44.84175,0.05141765568366808,-2.5000000000052758e-05,0.5515825000000001,0.06004786491394043,,
Covertype,5,Cascade RF (Two-Stage),0.9273,0.06982898712158203,50.832499999999996,0.8599274798213628,-2.5000000000052758e-05,0.4916750000000001,0.06004786491394043,0.9,
Covertype,5,LazyRF,0.92705,1.7149159908294678,19.0185,0.035015047521305444,0.0002249999999999197,0.809815,0.06004786491394043,0.95,
Covertype,5,Baseline C - QuickScorer,0.927275,291.97171211242676,100.0,0.0002056632968978117,0.0,0.0,0.06004786491394043,,
Covertype,5,Baseline D - Full BranchyNet,0.836875,0.0017294883728027344,3.0,1.0,0.0,0.0,0.0017294883728027344,,
Covertype,5,Baseline D - Early Exit BranchyNet,0.832575,0.002399444580078125,2.0738,0.7207869634340223,0.0043000000000000815,0.3087333333333334,0.0017294883728027344,,
Covertype,5,Full GBM,0.77325,0.2372119426727295,100.0,1.0,0.0,0.0,0.2372119426727295,,
Covertype,5,LazyGBM,0.768375,0.8757169246673584,80.99995,0.270877421676913,0.004874999999999963,0.19000050000000002,0.2372119426727295,,3.0
Higgs,5,Baseline A - Full RF,0.7231,0.0642242431640625,100.0,1.0,0.0,0.0,0.0642242431640625,,
Higgs,5,Baseline B - Fixed Cascade,0.723125,2.0414535999298096,81.91175,0.031460055308761704,-2.5000000000052758e-05,0.18088250000000006,0.0642242431640625,,
Higgs,5,Cascade RF (Two-Stage),0.723125,0.08155012130737305,90.45750000000001,0.7875431959444051,-2.5000000000052758e-05,0.09542499999999987,0.0642242431640625,0.9,
Higgs,5,LazyRF,0.7214,1.0297882556915283,39.387,0.062366455248544596,0.0016999999999999238,0.6061300000000001,0.0642242431640625,0.95,
Higgs,5,Baseline C - QuickScorer,0.7231,283.30364894866943,100.0,0.00022669755014591788,0.0,0.0,0.0642242431640625,,
Higgs,5,Baseline D - Full BranchyNet,0.733475,0.0016689300537109375,3.0,1.0,0.0,0.0,0.0016689300537109375,,
Higgs,5,Baseline D - Early Exit BranchyNet,0.7334,0.0022487640380859375,2.4847,0.7421543681085666,7.499999999993623e-05,0.17176666666666662,0.0016689300537109375,,
Higgs,5,Full GBM,0.712025,0.0446314811706543,100.0,1.0,0.0,0.0,0.0446314811706543,,
Higgs,5,LazyGBM,0.712025,0.16507291793823242,90.13495,0.2703743395833995,0.0,0.09865049999999997,0.0446314811706543,,3.0
Credit Card,5,Baseline A - Full RF,0.99945,0.037845611572265625,100.0,1.0,0.0,0.0,0.037845611572265625,,
Credit Card,5,Baseline B - Fixed Cascade,0.999475,0.20752477645874023,10.108,0.1823667140766203,-2.5000000000052758e-05,0.8989199999999999,0.037845611572265625,,
Credit Card,5,Cascade RF (Two-Stage),0.999475,0.04644513130187988,10.1325,0.8148456148456148,-2.5000000000052758e-05,0.898675,0.037845611572265625,0.9,
Credit Card,5,LazyRF,0.99945,0.19349122047424316,10.0225,0.1955934304383774,0.0,0.899775,0.037845611572265625,0.95,
Credit Card,5,Baseline C - QuickScorer,0.99945,276.165230512619,100.0,0.00013703974067269962,0.0,0.0,0.037845611572265625,,
Credit Card,5,Baseline D - Full BranchyNet,0.99925,0.0016252994537353516,3.0,1.0,0.0,0.0,0.0016252994537353516,,
Credit Card,5,Baseline D - Early Exit BranchyNet,0.99925,0.002145051956176758,1.0008,0.7576970101144826,0.0,0.6664000000000001,0.0016252994537353516,,
Credit Card,5,Full GBM,0.9985,0.017549753189086914,100.0,1.0,0.0,0.0,0.017549753189086914,,
Credit Card,5,LazyGBM,0.9985,0.06749963760375977,9.98625,0.25999773942652077,0.0,0.9001375,0.017549753189086914,,3.0
MNIST,6,Baseline A - Full RF,0.9681,0.039338111877441406,100.0,1.0,0.0,0.0,0.039338111877441406,,
MNIST,6,Baseline B - Fixed Cascade,0.9681,0.36029648780822754,44.067,0.10918261267753358,0.0,0.55933,0.039338111877441406,,
MNIST,6,Cascade RF (Two-Stage),0.9681,0.0487213134765625,49.68,0.8074107422486689,0.0,0.5032,0.039338111877441406,0.9,
MNIST,6,LazyRF,0.9681,0.5614397525787354,17.577,0.07006648833959205,0.0,0.82423,0.039338111877441406,0.95,
MNIST,6,Baseline C - QuickScorer,0.9681,116.28974866867065,100.0,0.0003382766953046085,0.0,0.0,0.039338111877441406,,
MNIST,6,Baseline D - Full BranchyNet,0.9695,0.0009558200836181641,3.0,1.0,0.0,0.0,0.0009558200836181641,,
MNIST,6,Baseline D - Early Exit BranchyNet,0.9711,0.0011436939239501953,1.1299,0.8357306649989577,-0.0015999999999999348,0.6233666666666666,0.0009558200836181641,,
MNIST,6,Full GBM,0.9458,0.15952038764953613,100.0,1.0,0.0,0.0,0.15952038764953613,,
MNIST,6,LazyGBM,0.9418,2.3972835540771484,81.0,0.06654214407729696,0.0040000000000000036,0.18999999999999995,0.15952038764953613,,3.0
Covertype,6,Baseline A - Full RF,0.92835,0.06190824508666992,100.0,1.0,0.0,0.0,0.06190824508666992,,
Covertype,6,Baseline B - Fixed Cascade,0.92835,1.1420478820800781,43.58975,0.05420809937838406,0.0,0.5641025,0.06190824508666992,,
Covertype,6,Cascade RF (Two-Stage),0.92835,0.06967782974243164,49.277499999999996,0.8884927288280582,0.0,0.507225,0.06190824508666992,0.9,
Covertype,6,LazyRF,0.927925,1.687544584274292,18.813,0.03668539821914857,0.0004250000000000087,0.81187,0.06190824508666992,0.95,
Covertype,6,Baseline C - QuickScorer,0.92835,289.65079498291016,100.0,0.00021373407620138796,0.0,0.0,0.06190824508666992,,
Covertype,6,Baseline D - Full BranchyNet,0.84495,0.0017375946044921875,3.0,1.0,0.0,0.0,0.0017375946044921875,,
Covertype,6,Baseline D - Early Exit BranchyNet,0.84,0.0022726058959960938,2.09705,0.7645824590851867,0.00495000000000001,0.3009833333333334,0.0017375946044921875,,
Covertype,6,Full GBM,0.772125,0.2378249168395996,100.0,1.0,0.0,0.0,0.2378249168395996,,
Covertype,6,LazyGBM,0.7683,0.8872766494750977,81.0,0.2680391927143513,0.0038249999999999673,0.18999999999999995,0.2378249168395996,,3.0
Higgs,6,Baseline A - Full RF,0.722,0.05796003341674805,100.0,1.0,0.0,0.0,0.05796003341674805,,
Higgs,6,Baseline B - Fixed Cascade,0.721925,2.027975082397461,82.441,0.028580249293905534,7.499999999993623e-05,0.17559000000000002,0.05796003341674805,,
Higgs,6,Cascade RF (Two-Stage),0.721925,0.09029960632324219,91.05250000000001,0.6418636334833027,7.499999999993623e-05,0.08947499999999986,0.05796003341674805,0.9,
Higgs,6,LazyRF,0.720775,1.048191785812378,40.00075,0.05529525627013705,0.0012249999999999206,0.5999925,0.05796003341674805,0.95,
Higgs,6,Baseline C - QuickScorer,0.722,283.35393166542053,100.0,0.00020454995304313003,0.0,0.0,0.05796003341674805,,
Higgs,6,Baseline D - Full BranchyNet,0.7306,0.0016283988952636719,3.0,1.0,0.0,0.0,0.0016283988952636719,,
Higgs,6,Baseline D - Early Exit BranchyNet,0.730575,0.0021152496337890625,2.508425,0.7698376916140667,2.5000000000052758e-05,0.16385833333333333,0.0016283988952636719,,
Higgs,6,Full GBM,0.712825,0.04528236389160156,100.0,1.0,0.0,0.0,0.04528236389160156,,
Higgs,6,LazyGBM,0.712825,0.1503293514251709,77.09515,0.3012210420806722,0.0,0.2290485,0.04528236389160156,,3.0
Credit Card,6,Baseline A - Full RF,0.99955,0.03792381286621094,100.0,1.0,0.0,0.0,0.03792381286621094,,
Credit Card,6,Baseline B - Fixed Cascade,0.99955,0.20192313194274902,10.08,0.18781311730526953,0.0,0.8992,0.03792381286621094,,
Credit Card,6,Cascade RF (Two-Stage),0.99955,0.034864187240600586,10.1,1.087758409639543,0.0,0.899,0.03792381286621094,0.9,
Credit Card,6,LazyRF,0.99955,0.1960761547088623,10.02025,0.1934136913411065,0.0,0.8997975,0.03792381286621094,0.95,
Credit Card,6,Baseline C - QuickScorer,0.99955,272.76904702186584,100.0,0.00013903268453759298,0.0,0.0,0.03792381286621094,,
Credit Card,6,Baseline D - Full BranchyNet,0.9995,0.0017473697662353516,3.0,1.0,0.0,0.0,0.0017473697662353516,,
Credit Card,6,Baseline D - Early Exit BranchyNet,0.999475,0.0056536197662353516,1.00145,0.30907097372749126,2.5000000000052758e-05,0.6661833333333333,0.0017473697662353516,,
Credit Card,6,Full GBM,0.998775,0.017342567443847656,100.0,1.0,0.0,0.0,0.017342567443847656,,
Credit Card,6,LazyGBM,0.998775,0.06691765785217285,10.011,0.259162797989119,0.0,0.89989,0.017342567443847656,,3.0
MNIST,7,Baseline A - Full RF,0.9705,0.04059648513793945,100.0,1.0,0.0,0.0,0.04059648513793945,,
MNIST,7,Baseline B - Fixed Cascade,0.9705,0.3858654499053955,44.243,0.10520891452679344,0.0,0.5575699999999999,0.04059648513793945,,
MNIST,7,Cascade RF (Two-Stage),0.9705,0.048099517822265625,49.72,0.8440102307875327,0.0,0.5028,0.04059648513793945,0.9,
MNIST,7,LazyRF,0.9707,0.5636987686157227,17.413,0.07201804828779812,-0.00019999999999997797,0.82587,0.04059648513793945,0.95,
MNIST,7,Baseline C - QuickScorer,0.9705,117.42745852470398,100.0,0.0003457154369852849,0.0,0.0,0.04059648513793945,,
MNIST,7,Baseline D - Full BranchyNet,0.9762,0.0008289813995361328,3.0,1.0,0.0,0.0,0.0008289813995361328,,
MNIST,7,Baseline D - Early Exit BranchyNet,0.9768,0.0011124610900878906,1.1181,0.7451778825546507,-0.0006000000000000449,0.6273,0.0008289813995361328,,
MNIST,7,Full GBM,0.9459,0.15202784538269043,100.0,1.0,0.0,0.0,0.15202784538269043,,
MNIST,7,LazyGBM,0.9419,2.4949142932891846,81.0,0.06093509736651661,0.0040000000000000036,0.18999999999999995,0.15202784538269043,,3.0
Covertype,7,Baseline A - Full RF,0.928275,0.05967998504638672,100.0,1.0,0.0,0.0,0.05967998504638672,,
Covertype,7,Baseline B - Fixed Cascade,0.92835,1.1486577987670898,44.33625,0.05195627898094989,-7.500000000004725e-05,0.5566375,0.05967998504638672,,
Covertype,7,Cascade RF (Two-Stage),0.92835,0.06881999969482422,50.25,0.8671895569751812,-7.500000000004725e-05,0.49750000000000005,0.05967998504638672,0.9,
Covertype,7,LazyRF,0.928025,1.7027308940887451,19.04375,0.035049569637559085,0.00024999999999997247,0.8095625,0.05967998504638672,0.95,
Covertype,7,Baseline C - QuickScorer,0.928275,293.13224029541016,100.0,0.00020359406725866443,0.0,0.0,0.05967998504638672,,
Covertype,7,Baseline D - Full BranchyNet,0.8375,0.0016689300537109375,3.0,1.0,0.0,0.0,0.0016689300537109375,,
Covertype,7,Baseline D - Early Exit BranchyNet,0.83365,0.0022668838500976562,2.07585,0.736222128733698,0.00385000000000002,0.30805000000000005,0.0016689300537109375,,
Covertype,7,Full GBM,0.773125,0.2373661994934082,100.0,1.0,0.0,0.0,0.2373661994934082,,
Covertype,7,LazyGBM,0.76845,0.9155256748199463,80.998825,0.25926766012333874,0.004674999999999985,0.19001175000000003,0.2373661994934082,,3.0
Higgs,7,Baseline A - Full RF,0.723225,0.057929277420043945,100.0,1.0,0.0,0.0,0.057929277420043945,,
Higgs,7,Baseline B - Fixed Cascade,0.7232,2.054205894470215,82.45375,0.028200326742312293,2.5000000000052758e-05,0.17546249999999997,0.057929277420043945,,
Higgs,7,Cascade RF (Two-Stage),0.7232,0.07908368110656738,91.1125,0.7325060822849494,2.5000000000052758e-05,0.08887500000000004,0.057929277420043945,0.9,
Higgs,7,LazyRF,0.721675,1.064906120300293,39.4915,0.05439848294205358,0.0015500000000000513,0.605085,0.057929277420043945,0.95,
Higgs,7,Baseline C - QuickScorer,0.723225,281.5037097930908,100.0,0.00020578512966178236,0.0,0.0,0.057929277420043945,,
Higgs,7,Baseline D - Full BranchyNet,0.730575,0.0016548633575439453,3.0,1.0,0.0,0.0,0.0016548633575439453,,
Higgs,7,Baseline D - Early Exit BranchyNet,0.73045,0.0021109580993652344,2.46775,0.7839394623898803,0.00012499999999993072,0.17741666666666667,0.0016548633575439453,,
Higgs,7,Full GBM,0.714175,0.04442763328552246,100.0,1.0,0.0,0.0,0.04442763328552246,,
Higgs,7,LazyGBM,0.714175,0.1505753993988037,79.880125,0.29505240207169875,0.0,0.20119874999999998,0.04442763328552246,,3.0
Credit Card,7,Baseline A - Full RF,0.99955,0.026476383209228516,100.0,1.0,0.0,0.0,0.026476383209228516,,
Credit Card,7,Baseline B - Fixed Cascade,0.99955,0.21613502502441406,10.09875,0.12249927195389924,0.0,0.8990125,0.026476383209228516,,
Credit Card,7,Cascade RF (Two-Stage),0.99955,0.03484344482421875,10.125,0.7598669805123713,0.0,0.8987499999999999,0.026476383209228516,0.9,
Credit Card,7,LazyRF,0.9995,0.19960618019104004,10.02275,0.13264310345445401,4.999999999999449e-05,0.8997725,0.026476383209228516,0.95,
Credit Card,7,Baseline C - QuickScorer,0.99955,274.1921281814575,100.0,9.656142714537274e-05,0.0,0.0,0.026476383209228516,,
Credit Card,7,Baseline D - Full BranchyNet,0.99895,0.0015993118286132812,3.0,1.0,0.0,0.0,0.0015993118286132812,,
Credit Card,7,Baseline D - Early Exit BranchyNet,0.999075,0.002058267593383789,1.0014,0.7770184176995251,-0.00012500000000004174,0.6661999999999999,0.0015993118286132812,,
Credit Card,7,Full GBM,0.998275,0.01745462417602539,100.0,1.0,0.0,0.0,0.01745462417602539,,
Credit Card,7,LazyGBM,0.998275,0.06808018684387207,11.993875,0.256383317749318,0.0,0.88006125,0.01745462417602539,,3.0
MNIST,8,Baseline A - Full RF,0.969,0.03951764106750488,100.0,1.0,0.0,0.0,0.03951764106750488,,
MNIST,8,Baseline B - Fixed Cascade,0.969,0.3630197048187256,44.068,0.1088581158073446,0.0,0.55932,0.03951764106750488,,
MNIST,8,Cascade RF (Two-Stage),0.969,0.04743218421936035,49.37,0.8331398125109954,0.0,0.5063,0.03951764106750488,0.9,
MNIST,8,LazyRF,0.9689,0.5653784275054932,17.482,0.06989591244551144,9.999999999998899e-05,0.82518,0.03951764106750488,0.95,
MNIST,8,Baseline C - QuickScorer,0.969,115.97937822341919,100.0,0.00034072989244156223,0.0,0.0,0.03951764106750488,,
MNIST,8,Baseline D - Full BranchyNet,0.9771,0.0008139610290527344,3.0,1.0,0.0,0.0,0.0008139610290527344,,
MNIST,8,Baseline D - Early Exit BranchyNet,0.9771,0.0011203289031982422,1.1222,0.7265375611832304,0.0,0.6259333333333332,0.0008139610290527344,,
MNIST,8,Full GBM,0.9458,0.1515188217163086,100.0,1.0,0.0,0.0,0.1515188217163086,,
MNIST,8,LazyGBM,0.9418,2.4839303493499756,81.0,0.06099962575680105,0.0040000000000000036,0.18999999999999995,0.1515188217163086,,3.0
Covertype,8,Baseline A - Full RF,0.927425,0.06177949905395508,100.0,1.0,0.0,0.0,0.06177949905395508,,
Covertype,8,Baseline B - Fixed Cascade,0.927375,1.1593081951141357,44.42375,0.05328997009968759,5.0000000000105516e-05,0.5557624999999999,0.06177949905395508,,
Covertype,8,Cascade RF (Two-Stage),0.927375,0.06920790672302246,50.2375,0.892665332318218,5.0000000000105516e-05,0.497625,0.06177949905395508,0.9,
Covertype,8,LazyRF,0.927375,1.7030186653137207,19.0435,0.03627646620219186,5.0000000000105516e-05,0.809565,0.06177949905395508,0.95,
Covertype,8,Baseline C - QuickScorer,0.927425,289.64804434776306,100.0,0.00021329161463206752,0.0,0.0,0.06177949905395508,,
Covertype,8,Baseline D - Full BranchyNet,0.846475,0.0017497539520263672,3.0,1.0,0.0,0.0,0.0017497539520263672,,
Covertype,8,Baseline D - Early Exit BranchyNet,0.841675,0.0024182796478271484,2.06235,0.7235531893916987,0.0048000000000000265,0.31255,0.0017497539520263672,,
Covertype,8,Full GBM,0.772225,0.23885703086853027,100.0,1.0,0.0,0.0,0.23885703086853027,,
Covertype,8,LazyGBM,0.767925,0.8811724185943604,80.99965,0.2710673028662804,0.0043000000000000815,0.1900035,0.23885703086853027,,3.0
Higgs,8,Baseline A - Full RF,0.723125,0.05905342102050781,100.0,1.0,0.0,0.0,0.05905342102050781,,
Higgs,8,Baseline B - Fixed Cascade,0.722975,2.038435935974121,81.97425,0.028969966619180287,0.00014999999999998348,0.18025750000000007,0.05905342102050781,,
Higgs,8,Cascade RF (Two-Stage),0.722975,0.08560323715209961,90.495,0.6898503255850226,0.00014999999999998348,0.09504999999999997,0.05905342102050781,0.9,
Higgs,8,LazyRF,0.7209,1.0672369003295898,39.62975,0.05533300151285119,0.0022250000000000325,0.6037025,0.05905342102050781,0.95,
Higgs,8,Baseline C - QuickScorer,0.723125,284.99745988845825,100.0,0.00020720683280342226,0.0,0.0,0.05905342102050781,,
Higgs,8,Baseline D - Full BranchyNet,0.733675,0.0016436576843261719,3.0,1.0,0.0,0.0,0.0016436576843261719,,
Higgs,8,Baseline D - Early Exit BranchyNet,0.733775,0.002096891403198242,2.503675,0.7838544627629335,-9.999999999998899e-05,0.1654416666666667,0.0016436576843261719,,
Higgs,8,Full GBM,0.713,0.04510045051574707,100.0,1.0,0.0,0.0,0.04510045051574707,,
Higgs,8,LazyGBM,0.713,0.1512007713317871,74.894875,0.2982818812265249,0.0,0.25105125000000006,0.04510045051574707,,3.0
Credit Card,8,Baseline A - Full RF,0.999475,0.02700209617614746,100.0,1.0,0.0,0.0,0.02700209617614746,,
Credit Card,8,Baseline B - Fixed Cascade,0.999475,0.2015516757965088,10.09625,0.13397108245038558,0.0,0.8990375,0.02700209617614746,,
Credit Card,8,Cascade RF (Two-Stage),0.999475,0.04450201988220215,10.125,0.6067611368567678,0.0,0.8987499999999999,0.02700209617614746,0.9,
Credit Card,8,LazyRF,0.999475,0.19807815551757812,10.0235,0.13632041405873857,0.0,0.899765,0.02700209617614746,0.95,
Credit Card,8,Baseline C - QuickScorer,0.999475,273.45518016815186,100.0,9.874413847104103e-05,0.0,0.0,0.02700209617614746,,
Credit Card,8,Baseline D - Full BranchyNet,0.999225,0.0016264915466308594,3.0,1.0,0.0,0.0,0.0016264915466308594,,
Credit Card,8,Baseline D - Early Exit BranchyNet,0.999275,0.0021262168884277344,1.0016,0.7649697241533976,-4.999999999999449e-05,0.6661333333333332,0.0016264915466308594,,
Credit Card,8,Full GBM,0.999225,0.01714038848876953,100.0,1.0,0.0,0.0,0.01714038848876953,,
Credit Card,8,LazyGBM,0.999225,0.11312246322631836,73.916575,0.15152064408708665,0.0,0.26083425000000005,0.01714038848876953,,3.0
MNIST,9,Baseline A - Full RF,0.9701,0.03982043266296387,100.0,1.0,0.0,0.0,0.03982043266296387,,
MNIST,9,Baseline B - Fixed Cascade,0.9701,0.37118077278137207,44.47,0.10728042932983052,0.0,0.5553,0.03982043266296387,,
MNIST,9,Cascade RF (Two-Stage),0.9701,0.04858517646789551,49.900000000000006,0.8196004534279447,0.0,0.5009999999999999,0.03982043266296387,0.9,
MNIST,9,LazyRF,0.9701,0.5681169033050537,17.584,0.07009196950716683,0.0,0.82416,0.03982043266296387,0.95,
MNIST,9,Baseline C - QuickScorer,0.9701,117.23690819740295,100.0,0.00033965782000933023,0.0,0.0,0.03982043266296387,,
MNIST,9,Baseline D - Full BranchyNet,0.9776,0.0008325576782226562,3.0,1.0,0.0,0.0,0.0008325576782226562,,
MNIST,9,Baseline D - Early Exit BranchyNet,0.9776,0.0011444091796875,1.1256,0.7275,0.0,0.6248,0.0008325576782226562,,
MNIST,9,Full GBM,0.9459,0.1510624885559082,100.0,1.0,0.0,0.0,0.1510624885559082,,
MNIST,9,LazyGBM,0.9419,2.4862184524536133,81.0,0.06075994183327969,0.0040000000000000036,0.18999999999999995,0.1510624885559082,,3.0
Covertype,9,Baseline A - Full RF,0.92755,0.05964088439941406,100.0,1.0,0.0,0.0,0.05964088439941406,,
Covertype,9,Baseline B - Fixed Cascade,0.9274,1.1666359901428223,44.8635,0.051122102269545694,0.00014999999999998348,0.551365,0.05964088439941406,,
Covertype,9,Cascade RF (Two-Stage),0.9274,0.0684974193572998,50.965,0.870702647764176,0.00014999999999998348,0.49034999999999995,0.05964088439941406,0.9,
Covertype,9,LazyRF,0.927025,1.7270195484161377,19.16325,0.03453399497076403,0.0005249999999999977,0.8083675,0.05964088439941406,0.95,
Covertype,9,Baseline C - QuickScorer,0.92755,294.8554403781891,100.0,0.00020227160917538826,0.0,0.0,0.05964088439941406,,
Covertype,9,Baseline D - Full BranchyNet,0.837625,0.0016732215881347656,3.0,1.0,0.0,0.0,0.0016732215881347656,,
Covertype,9,Baseline D - Early Exit BranchyNet,0.8335,0.002258777618408203,2.0444,0.7407641967489973,0.004124999999999934,0.31853333333333333,0.0016732215881347656,,
Covertype,9,Full GBM,0.76955,0.2384793758392334,100.0,1.0,0.0,0.0,0.2384793758392334,,
Covertype,9,LazyGBM,0.76565,0.8790433406829834,80.999,0.2712942181598736,0.0038999999999999035,0.19001,0.2384793758392334,,3.0
Higgs,9,Baseline A - Full RF,0.7227,0.06219625473022461,100.0,1.0,0.0,0.0,0.06219625473022461,,
Higgs,9,Baseline B - Fixed Cascade,0.722575,2.042404890060425,81.6875,0.030452460740232817,0.00012500000000004174,0.18312499999999998,0.06219625473022461,,
Higgs,9,Cascade RF (Two-Stage),0.722575,0.08463621139526367,90.21249999999999,0.734865770866785,0.00012500000000004174,0.09787500000000005,0.06219625473022461,0.9,
Higgs,9,LazyRF,0.72125,1.0566554069519043,39.53975,0.05886143611344393,0.0014500000000000624,0.6046025,0.06219625473022461,0.95,
Higgs,9,Baseline C - QuickScorer,0.7227,284.6798176765442,100.0,0.00021847792104775254,0.0,0.0,0.06219625473022461,,
Higgs,9,Baseline D - Full BranchyNet,0.731175,0.0018074512481689453,3.0,1.0,0.0,0.0,0.0018074512481689453,,
Higgs,9,Baseline D - Early Exit BranchyNet,0.7308,0.0021219253540039062,2.485075,0.8517977528089887,0.0003750000000000142,0.17164166666666658,0.0018074512481689453,,
Higgs,9,Full GBM,0.7102,0.04504895210266113,100.0,1.0,0.0,0.0,0.04504895210266113,,
Higgs,9,LazyGBM,0.7102,0.15572071075439453,84.505875,0.2892932602504823,0.0,0.15494124999999992,0.04504895210266113,,3.0
Credit Card,9,Baseline A - Full RF,0.999575,0.02667236328125,100.0,1.0,0.0,0.0,0.02667236328125,,
Credit Card,9,Baseline B - Fixed Cascade,0.999575,0.21103644371032715,10.10525,0.12638747513136175,0.0,0.8989475,0.02667236328125,,
Credit Card,9,Cascade RF (Two-Stage),0.999575,0.04415416717529297,10.135,0.604073522106309,0.0,0.89865,0.02667236328125,0.9,
Credit Card,9,LazyRF,0.999525,0.20183157920837402,10.026,0.13215158592062068,4.999999999999449e-05,0.89974,0.02667236328125,0.95,
Credit Card,9,Baseline C - QuickScorer,0.999575,273.8091561794281,100.0,9.741224016545124e-05,0.0,0.0,0.02667236328125,,
Credit Card,9,Baseline D - Full BranchyNet,0.9994,0.002527952194213867,3.0,1.0,0.0,0.0,0.002527952194213867,,
Credit Card,9,Baseline D - Early Exit BranchyNet,0.9994,0.002302885055541992,1.00145,1.0977326845429134,0.0,0.6661833333333333,0.002527952194213867,,
Credit Card,9,Full GBM,0.99885,0.017522335052490234,100.0,1.0,0.0,0.0,0.017522335052490234,,
Credit Card,9,LazyGBM,0.99885,0.06596088409423828,7.9921,0.2656473649967469,0.0,0.920079,0.017522335052490234,,3.0
MNIST,10,Baseline A - Full RF,0.97,0.04001951217651367,100.0,1.0,0.0,0.0,0.04001951217651367,,
MNIST,10,Baseline B - Fixed Cascade,0.9699,0.36269307136535645,44.0,0.11033988608015145,9.999999999998899e-05,0.56,0.04001951217651367,,
MNIST,10,Cascade RF (Two-Stage),0.9699,0.047879934310913086,49.45,0.8358305572568879,9.999999999998899e-05,0.5055,0.04001951217651367,0.9,
MNIST,10,LazyRF,0.97,0.5677535533905029,17.63,0.07048747108234849,0.0,0.8237,0.04001951217651367,0.95,
MNIST,10,Baseline C - QuickScorer,0.97,117.60000538825989,100.0,0.00034030195869794454,0.0,0.0,0.04001951217651367,,
MNIST,10,Baseline D - Full BranchyNet,0.9758,0.0007886886596679688,3.0,1.0,0.0,0.0,0.0007886886596679688,,
MNIST,10,Baseline D - Early Exit BranchyNet,0.9757,0.0010941028594970703,1.1167,0.7208542166049248,9.999999999998899e-05,0.6277666666666666,0.0007886886596679688,,
MNIST,10,Full GBM,0.9459,0.151137113571167,100.0,1.0,0.0,0.0,0.151137113571167,,
MNIST,10,LazyGBM,0.9419,2.493178606033325,81.0,0.060620251274989004,0.0040000000000000036,0.18999999999999995,0.151137113571167,,3.0
Covertype,10,Baseline A - Full RF,0.927675,0.06947016716003418,100.0,1.0,0.0,0.0,0.06947016716003418,,
Covertype,10,Baseline B - Fixed Cascade,0.92775,1.1653485298156738,44.80425,0.05961321045389095,-7.499999999993623e-05,0.5519575,0.06947016716003418,,
Covertype,10,Cascade RF (Two-Stage),0.92775,0.07015037536621094,50.794999999999995,0.9903035699719949,-7.499999999993623e-05,0.4920500000000001,0.06947016716003418,0.9,
Covertype,10,LazyRF,0.9275,1.7220275402069092,19.014,0.040342076731064956,0.00017500000000003624,0.80986,0.06947016716003418,0.95,
Covertype,10,Baseline C - QuickScorer,0.927675,290.1830105781555,100.0,0.0002394012213934339,0.0,0.0,0.06947016716003418,,
Covertype,10,Baseline D - Full BranchyNet,0.8447,0.001722097396850586,3.0,1.0,0.0,0.0,0.001722097396850586,,
Covertype,10,Baseline D - Early Exit BranchyNet,0.842925,0.0022864341735839844,2.077625,0.7531803962460897,0.001774999999999971,0.3074583333333334,0.001722097396850586,,
Covertype,10,Full GBM,0.774975,0.23799896240234375,100.0,1.0,0.0,0.0,0.23799896240234375,,
Covertype,10,LazyGBM,0.769175,0.886094331741333,81.0,0.26859325680893753,0.005799999999999916,0.18999999999999995,0.23799896240234375,,3.0
Higgs,10,Baseline A - Full RF,0.724075,0.06307792663574219,100.0,1.0,0.0,0.0,0.06307792663574219,,
Higgs,10,Baseline B - Fixed Cascade,0.723775,2.066787004470825,82.52525,0.030519800298382704,0.000300000000000078,0.17474750000000006,0.06307792663574219,,
Higgs,10,Cascade RF (Two-Stage),0.723775,0.08284521102905273,91.185,0.7613949660122368,0.000300000000000078,0.08814999999999995,0.06307792663574219,0.9,
Higgs,10,LazyRF,0.722475,1.020890712738037,39.45475,0.06178714905395376,0.0016000000000000458,0.6054525,0.06307792663574219,0.95,
Higgs,10,Baseline C - QuickScorer,0.724075,282.91361141204834,100.0,0.000222958260371123,0.0,0.0,0.06307792663574219,,
Higgs,10,Baseline D - Full BranchyNet,0.732875,0.0016524791717529297,3.0,1.0,0.0,0.0,0.0016524791717529297,,
Higgs,10,Baseline D - Early Exit BranchyNet,0.73295,0.002123117446899414,2.487575,0.7783267827063447,-7.499999999993623e-05,0.17080833333333334,0.0016524791717529297,,
Higgs,10,Full GBM,0.71505,0.045458078384399414,100.0,1.0,0.0,0.0,0.045458078384399414,,
Higgs,10,LazyGBM,0.71505,0.16154813766479492,78.4644,0.28139029667257986,0.0,0.215356,0.045458078384399414,,3.0
Credit Card,10,Baseline A - Full RF,0.9995,0.026798009872436523,100.0,1.0,0.0,0.0,0.026798009872436523,,
Credit Card,10,Baseline B - Fixed Cascade,0.9995,0.20887422561645508,10.084,0.12829735116119267,0.0,0.89916,0.026798009872436523,,
Credit Card,10,Cascade RF (Two-Stage),0.9995,0.03436708450317383,10.11,0.7797580231154524,0.0,0.8989,0.026798009872436523,0.9,
Credit Card,10,LazyRF,0.999525,0.19935369491577148,10.02,0.13442444537463374,-2.4999999999941735e-05,0.8998,0.026798009872436523,0.95,
Credit Card,10,Baseline C - QuickScorer,0.9995,272.05230498313904,100.0,9.850315318628667e-05,0.0,0.0,0.026798009872436523,,
Credit Card,10,Baseline D - Full BranchyNet,0.999275,0.0016140937805175781,3.0,1.0,0.0,0.0,0.0016140937805175781,,
Credit Card,10,Baseline D - Early Exit BranchyNet,0.999275,0.0020575523376464844,1.001275,0.7844727694090382,0.0,0.6662416666666666,0.0016140937805175781,,
Credit Card,10,Full GBM,0.99915,0.01739192008972168,100.0,1.0,0.0,0.0,0.01739192008972168,,
Credit Card,10,LazyGBM,0.99915,0.07131075859069824,10.00215,0.24388914707170536,0.0,0.8999785,0.01739192008972168,,3.0
MNIST,11,Baseline A - Full RF,0.9697,0.039902448654174805,100.0,1.0,0.0,0.0,0.039902448654174805,,
MNIST,11,Baseline B - Fixed Cascade,0.9697,0.36746764183044434,43.928,0.10858765265809842,0.0,0.5607200000000001,0.039902448654174805,,
MNIST,11,Cascade RF (Two-Stage),0.9697,0.048282623291015625,49.42,0.8264349766927392,0.0,0.5058,0.039902448654174805,0.9,
MNIST,11,LazyRF,0.9695,0.5658817291259766,17.465,0.07051376038559415,0.00019999999999997797,0.82535,0.039902448654174805,0.95,
MNIST,11,Baseline C - QuickScorer,0.9697,117.02641010284424,100.0,0.00034096960352033396,0.0,0.0,0.039902448654174805,,
MNIST,11,Baseline D - Full BranchyNet,0.9738,0.0007853507995605469,3.0,1.0,0.0,0.0,0.0007853507995605469,,
MNIST,11,Baseline D - Early Exit BranchyNet,0.9746,0.0010979175567626953,1.1175,0.7153094462540717,-0.0008000000000000229,0.6275,0.0007853507995605469,,
MNIST,11,Full GBM,0.9459,0.1560978889465332,100.0,1.0,0.0,0.0,0.1560978889465332,,
MNIST,11,LazyGBM,0.9419,2.498892068862915,81.0,0.062466839161070015,0.0040000000000000036,0.18999999999999995,0.1560978889465332,,3.0
Covertype,11,Baseline A - Full RF,0.92815,0.06329774856567383,100.0,1.0,0.0,0.0,0.06329774856567383,,
Covertype,11,Baseline B - Fixed Cascade,0.92805,1.1691408157348633,44.5845,0.05414039755843101,9.999999999998899e-05,0.554155,0.06329774856567383,,
Covertype,11,Cascade RF (Two-Stage),0.92805,0.06908106803894043,50.442499999999995,0.9162821357943309,9.999999999998899e-05,0.4955750000000001,0.06329774856567383,0.9,
Covertype,11,LazyRF,0.9277,1.7082257270812988,19.23,0.03705467466165924,0.00045000000000006146,0.8077,0.06329774856567383,0.95,
Covertype,11,Baseline C - QuickScorer,0.92815,288.15085339546204,100.0,0.00021966878744170563,0.0,0.0,0.06329774856567383,,
Covertype,11,Baseline D - Full BranchyNet,0.8469,0.001720428466796875,3.0,1.0,0.0,0.0,0.001720428466796875,,
Covertype,11,Baseline D - Early Exit BranchyNet,0.84085,0.002261638641357422,2.0461,0.7606999789162977,0.00605,0.3179666666666666,0.001720428466796875,,
Covertype,11,Full GBM,0.77165,0.23759818077087402,100.0,1.0,0.0,0.0,0.23759818077087402,,
Covertype,11,LazyGBM,0.767375,0.880537748336792,80.998275,0.2698330437504383,0.004274999999999918,0.19001724999999992,0.23759818077087402,,3.0
Higgs,11,Baseline A - Full RF,0.72355,0.06540751457214355,100.0,1.0,0.0,0.0,0.06540751457214355,,
Higgs,11,Baseline B - Fixed Cascade,0.7234,2.0643529891967773,82.18525,0.031684268588965045,0.00014999999999998348,0.17814750000000001,0.06540751457214355,,
Higgs,11,Cascade RF (Two-Stage),0.7234,0.08355593681335449,90.6975,0.782799129142068,0.00014999999999998348,0.09302499999999991,0.06540751457214355,0.9,
Higgs,11,LazyRF,0.7228,1.0511116981506348,39.81525,0.06222698756680568,0.0007500000000000284,0.6018475000000001,0.06540751457214355,0.95,
Higgs,11,Baseline C - QuickScorer,0.72355,283.2979545593262,100.0,0.0002308788804136826,0.0,0.0,0.06540751457214355,,
Higgs,11,Baseline D - Full BranchyNet,0.73285,0.0016815662384033203,3.0,1.0,0.0,0.0,0.0016815662384033203,,
Higgs,11,Baseline D - Early Exit BranchyNet,0.73255,0.0021054744720458984,2.45615,0.7986637979843733,0.00029999999999996696,0.18128333333333335,0.0016815662384033203,,
Higgs,11,Full GBM,0.713025,0.04402923583984375,100.0,1.0,0.0,0.0,0.04402923583984375,,
Higgs,11,LazyGBM,0.713025,0.15900254249572754,89.171875,0.27690900503070154,0.0,0.10828125,0.04402923583984375,,3.0
Credit Card,11,Baseline A - Full RF,0.9996,0.026816129684448242,100.0,1.0,0.0,0.0,0.026816129684448242,,
Credit Card,11,Baseline B - Fixed Cascade,0.9996,0.2109982967376709,10.0815,0.12709168793806944,0.0,0.899185,0.026816129684448242,,
Credit Card,11,Cascade RF (Two-Stage),0.9996,0.03430056571960449,10.11,0.7817984666393266,0.0,0.8989,0.026816129684448242,0.9,
Credit Card,11,LazyRF,0.9996,0.19810891151428223,10.021,0.13536054223646063,0.0,0.89979,0.026816129684448242,0.95,
Credit Card,11,Baseline C - QuickScorer,0.9996,273.2159962654114,100.0,9.814992552045941e-05,0.0,0.0,0.026816129684448242,,
Credit Card,11,Baseline D - Full BranchyNet,0.9995,0.0015997886657714844,3.0,1.0,0.0,0.0,0.0015997886657714844,,
Credit Card,11,Baseline D - Early Exit BranchyNet,0.9995,0.0020585060119628906,1.00135,0.7771600648598563,0.0,0.6662166666666667,0.0015997886657714844,,
Credit Card,11,Full GBM,0.9991,0.017451047897338867,100.0,1.0,0.0,0.0,0.017451047897338867,,
Credit Card,11,LazyGBM,0.9991,0.07944369316101074,24.982475,0.21966561728154232,0.0,0.75017525,0.017451047897338867,,3.0
MNIST,12,Baseline A - Full RF,0.9698,0.04045462608337402,100.0,1.0,0.0,0.0,0.04045462608337402,,
MNIST,12,Baseline B - Fixed Cascade,0.9698,0.3651273250579834,44.176,0.11079594242076979,0.0,0.55824,0.04045462608337402,,
MNIST,12,Cascade RF (Two-Stage),0.9698,0.04677581787109375,49.69,0.864861971945849,0.0,0.5031000000000001,0.04045462608337402,0.9,
MNIST,12,LazyRF,0.9697,0.5676059722900391,17.419,0.07127237565904654,9.999999999998899e-05,0.8258099999999999,0.04045462608337402,0.95,
MNIST,12,Baseline C - QuickScorer,0.9698,116.39917182922363,100.0,0.0003475508068281404,0.0,0.0,0.04045462608337402,,
MNIST,12,Baseline D - Full BranchyNet,0.9758,0.0008654594421386719,3.0,1.0,0.0,0.0,0.0008654594421386719,,
MNIST,12,Baseline D - Early Exit BranchyNet,0.9763,0.0017216205596923828,1.1099,0.5027004570004154,-0.0004999999999999449,0.6300333333333332,0.0008654594421386719,,
MNIST,12,Full GBM,0.9459,0.15483927726745605,100.0,1.0,0.0,0.0,0.15483927726745605,,
MNIST,12,LazyGBM,0.9419,2.4885149002075195,81.0,0.062221559233799996,0.0040000000000000036,0.18999999999999995,0.15483927726745605,,3.0
Covertype,12,Baseline A - Full RF,0.9234,0.06083989143371582,100.0,1.0,0.0,0.0,0.06083989143371582,,
Covertype,12,Baseline B - Fixed Cascade,0.923275,1.1678466796875,44.96125,0.052095786623288384,0.00012500000000004174,0.5503875,0.06083989143371582,,
Covertype,12,Cascade RF (Two-Stage),0.923275,0.06757545471191406,50.925,0.9003252984842925,0.00012500000000004174,0.49075,0.06083989143371582,0.9,
Covertype,12,LazyRF,0.923025,1.7262704372406006,19.2275,0.035243545924917095,0.0003750000000000142,0.807725,0.06083989143371582,0.95,
Covertype,12,Baseline C - QuickScorer,0.9234,288.84738636016846,100.0,0.00021062988383025762,0.0,0.0,0.06083989143371582,,
Covertype,12,Baseline D - Full BranchyNet,0.835125,0.0020303726196289062,3.0,1.0,0.0,0.0,0.0020303726196289062,,
Covertype,12,Baseline D - Early Exit BranchyNet,0.831975,0.0022668838500976562,2.0576,0.8956668068994531,0.003149999999999986,0.3141333333333334,0.0020303726196289062,,
Covertype,12,Full GBM,0.767575,0.23725366592407227,100.0,1.0,0.0,0.0,0.23725366592407227,,
Covertype,12,LazyGBM,0.762675,0.8813314437866211,81.0,0.2691991390942744,0.0049000000000000155,0.18999999999999995,0.23725366592407227,,3.0
Higgs,12,Baseline A - Full RF,0.7217,0.061493635177612305,100.0,1.0,0.0,0.0,0.061493635177612305,,
Higgs,12,Baseline B - Fixed Cascade,0.72175,2.024564504623413,81.451,0.030373759412052254,-4.999999999999449e-05,0.18549000000000004,0.061493635177612305,,
Higgs,12,Cascade RF (Two-Stage),0.72175,0.08020710945129395,89.915,0.7666855918172009,-4.999999999999449e-05,0.10084999999999988,0.061493635177612305,0.9,
Higgs,12,LazyRF,0.7201,1.0307807922363281,39.24225,0.05965733513931602,0.0016000000000000458,0.6075775,0.061493635177612305,0.95,
Higgs,12,Baseline C - QuickScorer,0.7217,282.6990671157837,100.0,0.00021752330421531476,0.0,0.0,0.061493635177612305,,
Higgs,12,Baseline D - Full BranchyNet,0.7314,0.0017352104187011719,3.0,1.0,0.0,0.0,0.0017352104187011719,,
Higgs,12,Baseline D - Early Exit BranchyNet,0.731475,0.0021903514862060547,2.495575,0.792206378578426,-7.499999999993623e-05,0.16814166666666663,0.0017352104187011719,,
Higgs,12,Full GBM,0.7125,0.04444408416748047,100.0,1.0,0.0,0.0,0.04444408416748047,,
Higgs,12,LazyGBM,0.7125,0.15569376945495605,84.287,0.28545833480085814,0.0,0.15713,0.04444408416748047,,3.0
Credit Card,12,Baseline A - Full RF,0.999475,0.038478851318359375,100.0,1.0,0.0,0.0,0.038478851318359375,,
Credit Card,12,Baseline B - Fixed Cascade,0.999475,0.21015477180480957,10.0645,0.1830976807611977,0.0,0.899355,0.038478851318359375,,
Credit Card,12,Cascade RF (Two-Stage),0.999475,0.03386068344116211,10.08,1.1363873202743238,0.0,0.8992,0.038478851318359375,0.9,
Credit Card,12,LazyRF,0.999475,0.20125794410705566,10.018,0.191191714141188,0.0,0.89982,0.038478851318359375,0.95,
Credit Card,12,Baseline C - QuickScorer,0.999475,271.8411054611206,100.0,0.00014154905400744376,0.0,0.0,0.038478851318359375,,
Credit Card,12,Baseline D - Full BranchyNet,0.9994,0.0016515254974365234,3.0,1.0,0.0,0.0,0.0016515254974365234,,
Credit Card,12,Baseline D - Early Exit BranchyNet,0.9994,0.0021514892578125,1.00095,0.7676196808510638,0.0,0.66635,0.0016515254974365234,,
Credit Card,12,Full GBM,0.998775,0.017503023147583008,100.0,1.0,0.0,0.0,0.017503023147583008,,
Credit Card,12,LazyGBM,0.998775,0.0673370361328125,9.98755,0.259931594153637,0.0,0.9001245,0.017503023147583008,,3.0
MNIST,13,Baseline A - Full RF,0.9681,0.039995431900024414,100.0,1.0,0.0,0.0,0.039995431900024414,,
MNIST,13,Baseline B - Fixed Cascade,0.9681,0.3652646541595459,44.308,0.10949713158545747,0.0,0.5569200000000001,0.039995431900024414,,
MNIST,13,Cascade RF (Two-Stage),0.9681,0.05817985534667969,49.87,0.6874446775726978,0.0,0.5013000000000001,0.039995431900024414,0.9,
MNIST,13,LazyRF,0.9677,0.5699753761291504,17.523,0.07017045573379625,0.00039999999999995595,0.82477,0.039995431900024414,0.95,
MNIST,13,Baseline C - QuickScorer,0.9681,116.52166080474854,100.0,0.00034324460897483625,0.0,0.0,0.039995431900024414,,
MNIST,13,Baseline D - Full BranchyNet,0.9769,0.0008182525634765625,3.0,1.0,0.0,0.0,0.0008182525634765625,,
MNIST,13,Baseline D - Early Exit BranchyNet,0.9778,0.0011174678802490234,1.1206,0.7322381053979091,-0.0009000000000000119,0.6264666666666667,0.0008182525634765625,,
MNIST,13,Full GBM,0.9458,0.15512895584106445,100.0,1.0,0.0,0.0,0.15512895584106445,,
MNIST,13,LazyGBM,0.9418,2.498175859451294,81.0,0.062096891719679574,0.0040000000000000036,0.18999999999999995,0.15512895584106445,,3.0
Covertype,13,Baseline A - Full RF,0.927475,0.06065511703491211,100.0,1.0,0.0,0.0,0.06065511703491211,,
Covertype,13,Baseline B - Fixed Cascade,0.9274,1.1825954914093018,45.52575,0.05128982604409329,7.500000000004725e-05,0.5447424999999999,0.06065511703491211,,
Covertype,13,Cascade RF (Two-Stage),0.9274,0.06889462471008301,51.7925,0.8804042012008375,7.500000000004725e-05,0.48207500000000003,0.06065511703491211,0.9,
Covertype,13,LazyRF,0.9268,1.7468318939208984,19.3705,0.034722927401312234,0.0006750000000000922,0.806295,0.06065511703491211,0.95,
Covertype,13,Baseline C - QuickScorer,0.927475,295.29160261154175,100.0,0.00020540752428610155,0.0,0.0,0.06065511703491211,,
Covertype,13,Baseline D - Full BranchyNet,0.83865,0.0017828941345214844,3.0,1.0,0.0,0.0,0.0017828941345214844,,
Covertype,13,Baseline D - Early Exit BranchyNet,0.834425,0.002414226531982422,2.024275,0.738494963460399,0.004225000000000034,0.32524166666666676,0.0017828941345214844,,
Covertype,13,Full GBM,0.772075,0.24118280410766602,100.0,1.0,0.0,0.0,0.24118280410766602,,
Covertype,13,LazyGBM,0.766925,0.8827297687530518,81.0,0.27322382528048417,0.005149999999999988,0.18999999999999995,0.24118280410766602,,3.0
Higgs,13,Baseline A - Full RF,0.71665,0.06004953384399414,100.0,1.0,0.0,0.0,0.06004953384399414,,
Higgs,13,Baseline B - Fixed Cascade,0.716525,2.0539581775665283,82.61575,0.029236006117290634,0.00012500000000004174,0.1738424999999999,0.06004953384399414,,
Higgs,13,Cascade RF (Two-Stage),0.716525,0.0852670669555664,91.23,0.7042523683298102,0.00012500000000004174,0.0877,0.06004953384399414,0.9,
Higgs,13,LazyRF,0.7156,1.054335355758667,39.731,0.056954870683231865,0.0010499999999999954,0.60269,0.06004953384399414,0.95,
Higgs,13,Baseline C - QuickScorer,0.71665,287.5183017253876,100.0,0.00020885464849937873,0.0,0.0,0.06004953384399414,,
Higgs,13,Baseline D - Full BranchyNet,0.728525,0.0016868114471435547,3.0,1.0,0.0,0.0,0.0016868114471435547,,
Higgs,13,Baseline D - Early Exit BranchyNet,0.72845,0.002117156982421875,2.491475,0.7967342342342343,7.499999999993623e-05,0.16950833333333337,0.0016868114471435547,,
Higgs,13,Full GBM,0.7092,0.0447392463684082,100.0,1.0,0.0,0.0,0.0447392463684082,,
Higgs,13,LazyGBM,0.7092,0.15513110160827637,78.815125,0.2883963686494013,0.0,0.21184875000000003,0.0447392463684082,,3.0
Credit Card,13,Baseline A - Full RF,0.9997,0.02674388885498047,100.0,1.0,0.0,0.0,0.02674388885498047,,
Credit Card,13,Baseline B - Fixed Cascade,0.9997,0.20867300033569336,10.09,0.1281617114430589,0.0,0.8991,0.02674388885498047,,
Credit Card,13,Cascade RF (Two-Stage),0.9997,0.03391861915588379,10.125,0.7884722173408779,0.0,0.8987499999999999,0.02674388885498047,0.9,
Credit Card,13,LazyRF,0.999675,0.20177149772644043,10.0175,0.13254542468252645,2.5000000000052758e-05,0.899825,0.02674388885498047,0.95,
Credit Card,13,Baseline C - QuickScorer,0.9997,276.7956576347351,100.0,9.661961131728526e-05,0.0,0.0,0.02674388885498047,,
Credit Card,13,Baseline D - Full BranchyNet,0.999425,0.001600027084350586,3.0,1.0,0.0,0.0,0.001600027084350586,,
Credit Card,13,Baseline D - Early Exit BranchyNet,0.999425,0.0023741722106933594,1.001525,0.6739305081341634,0.0,0.6661583333333334,0.001600027084350586,,
Credit Card,13,Full GBM,0.998975,0.017111778259277344,100.0,1.0,0.0,0.0,0.017111778259277344,,
Credit Card,13,LazyGBM,0.998975,0.08572936058044434,34.00615,0.19960230828060904,0.0,0.6599385,0.017111778259277344,,3.0
MNIST,14,Baseline A - Full RF,0.9702,0.04013943672180176,100.0,1.0,0.0,0.0,0.04013943672180176,,
MNIST,14,Baseline B - Fixed Cascade,0.9702,0.3693675994873047,44.428,0.10867070305440087,0.0,0.55572,0.04013943672180176,,
MNIST,14,Cascade RF (Two-Stage),0.9702,0.04696345329284668,49.97,0.8546951705511755,0.0,0.5003,0.04013943672180176,0.9,
MNIST,14,LazyRF,0.9699,0.5747051239013672,17.547,0.06984353375747981,0.00029999999999996696,0.82453,0.04013943672180176,0.95,
MNIST,14,Baseline C - QuickScorer,0.9702,117.1880362033844,100.0,0.00034252162611666436,0.0,0.0,0.04013943672180176,,
MNIST,14,Baseline D - Full BranchyNet,0.9772,0.0007898807525634766,3.0,1.0,0.0,0.0,0.0007898807525634766,,
MNIST,14,Baseline D - Early Exit BranchyNet,0.9773,0.0011050701141357422,1.1181,0.7147788565264294,-9.999999999998899e-05,0.6273,0.0007898807525634766,,
MNIST,14,Full GBM,0.9458,0.1549239158630371,100.0,1.0,0.0,0.0,0.1549239158630371,,
MNIST,14,LazyGBM,0.9418,2.495077610015869,81.0,0.06209182241110799,0.0040000000000000036,0.18999999999999995,0.1549239158630371,,3.0
Covertype,14,Baseline A - Full RF,0.9255,0.058225393295288086,100.0,1.0,0.0,0.0,0.058225393295288086,,
Covertype,14,Baseline B - Fixed Cascade,0.925425,1.1652333736419678,44.51075,0.049968868565189714,7.499999999993623e-05,0.5548925,0.058225393295288086,,
Covertype,14,Cascade RF (Two-Stage),0.925425,0.06830787658691406,50.48,0.8523964761399492,7.499999999993623e-05,0.4952000000000001,0.058225393295288086,0.9,
Covertype,14,LazyRF,0.9252,1.7337241172790527,19.221,0.03358400146539369,0.00029999999999996696,0.80779,0.058225393295288086,0.95,
Covertype,14,Baseline C - QuickScorer,0.9255,291.8406443595886,100.0,0.00019951091261827887,0.0,0.0,0.058225393295288086,,
Covertype,14,Baseline D - Full BranchyNet,0.84665,0.0017642974853515625,3.0,1.0,0.0,0.0,0.0017642974853515625,,
Covertype,14,Baseline D - Early Exit BranchyNet,0.843375,0.002264261245727539,2.058775,0.7791934295040539,0.003275000000000028,0.3137416666666667,0.0017642974853515625,,
Covertype,14,Full GBM,0.770375,0.23952817916870117,100.0,1.0,0.0,0.0,0.23952817916870117,,
Covertype,14,LazyGBM,0.76615,0.8795187473297119,80.997175,0.27234004948266033,0.004225000000000034,0.19002825,0.23952817916870117,,3.0
Higgs,14,Baseline A - Full RF,0.7221,0.05875062942504883,100.0,1.0,0.0,0.0,0.05875062942504883,,
Higgs,14,Baseline B - Fixed Cascade,0.72205,2.0571610927581787,82.21825,0.02855908058531176,4.999999999999449e-05,0.17781750000000007,0.05875062942504883,,
Higgs,14,Cascade RF (Two-Stage),0.72205,0.07973837852478027,90.8175,0.736792376669547,4.999999999999449e-05,0.09182500000000005,0.05875062942504883,0.9,
Higgs,14,LazyRF,0.721425,1.0838513374328613,39.77275,0.0542054314978304,0.0006749999999999812,0.6022725,0.05875062942504883,0.95,
Higgs,14,Baseline C - QuickScorer,0.7221,287.1200258731842,100.0,0.00020462045183500344,0.0,0.0,0.05875062942504883,,
Higgs,14,Baseline D - Full BranchyNet,0.72755,0.001680135726928711,3.0,1.0,0.0,0.0,0.001680135726928711,,
Higgs,14,Baseline D - Early Exit BranchyNet,0.727825,0.0021162033081054688,2.470775,0.7939387111311401,-0.0002750000000000252,0.17640833333333328,0.001680135726928711,,
Higgs,14,Full GBM,0.712175,0.04540300369262695,100.0,1.0,0.0,0.0,0.04540300369262695,,
Higgs,14,LazyGBM,0.712175,0.14914727210998535,74.544425,0.30441725852783624,0.0,0.25455574999999997,0.04540300369262695,,3.0
Credit Card,14,Baseline A - Full RF,0.99965,0.026834964752197266,100.0,1.0,0.0,0.0,0.026834964752197266,,
Credit Card,14,Baseline B - Fixed Cascade,0.99965,0.20739006996154785,10.079,0.12939368195002168,0.0,0.89921,0.026834964752197266,,
Credit Card,14,Cascade RF (Two-Stage),0.99965,0.03625202178955078,10.11,0.7402336042932681,0.0,0.8989,0.026834964752197266,0.9,
Credit Card,14,LazyRF,0.99965,0.18810534477233887,10.00975,0.14265923589079954,0.0,0.8999025,0.026834964752197266,0.95,
Credit Card,14,Baseline C - QuickScorer,0.99965,275.9116590023041,100.0,9.725926352381206e-05,0.0,0.0,0.026834964752197266,,
Credit Card,14,Baseline D - Full BranchyNet,0.999375,0.0016281604766845703,3.0,1.0,0.0,0.0,0.0016281604766845703,,
Credit Card,14,Baseline D - Early Exit BranchyNet,0.999375,0.0020716190338134766,1.001025,0.7859362412245368,0.0,0.6663250000000001,0.0016281604766845703,,
Credit Card,14,Full GBM,0.9992,0.017199277877807617,100.0,1.0,0.0,0.0,0.017199277877807617,,
Credit Card,14,LazyGBM,0.9992,0.06441903114318848,5.999475,0.2669906326218666,0.0,0.94000525,0.017199277877807617,,3.0
MNIST,15,Baseline A - Full RF,0.9697,0.04004645347595215,100.0,1.0,0.0,0.0,0.04004645347595215,,
MNIST,15,Baseline B - Fixed Cascade,0.9697,0.3640425205230713,43.919,0.11000487915096224,0.0,0.56081,0.04004645347595215,,
MNIST,15,Cascade RF (Two-Stage),0.9697,0.047174692153930664,49.21,0.8488969752103707,0.0,0.5079,0.04004645347595215,0.9,
MNIST,15,LazyRF,0.9698,0.5664870738983154,17.488,0.07069261651527198,-9.999999999998899e-05,0.82512,0.04004645347595215,0.95,
MNIST,15,Baseline C - QuickScorer,0.9697,117.83623218536377,100.0,0.0003398483873190766,0.0,0.0,0.04004645347595215,,
MNIST,15,Baseline D - Full BranchyNet,0.9732,0.0011754035949707031,3.0,1.0,0.0,0.0,0.0011754035949707031,,
MNIST,15,Baseline D - Early Exit BranchyNet,0.9739,0.0010933876037597656,1.1218,1.0750109027474923,-0.0007000000000000339,0.6260666666666668,0.0011754035949707031,,
MNIST,15,Full GBM,0.9458,0.15854907035827637,100.0,1.0,0.0,0.0,0.15854907035827637,,
MNIST,15,LazyGBM,0.9418,2.508608341217041,81.0,0.06320200238246713,0.0040000000000000036,0.18999999999999995,0.15854907035827637,,3.0
Covertype,15,Baseline A - Full RF,0.927925,0.058881282806396484,100.0,1.0,0.0,0.0,0.058881282806396484,,
Covertype,15,Baseline B - Fixed Cascade,0.927825,1.1699738502502441,44.6805,0.05032700755987191,9.999999999998899e-05,0.553195,0.058881282806396484,,
Covertype,15,Cascade RF (Two-Stage),0.927825,0.0705718994140625,50.582499999999996,0.8343445945945946,9.999999999998899e-05,0.49417500000000003,0.058881282806396484,0.9,
Covertype,15,LazyRF,0.927325,1.7300279140472412,19.2785,0.03403487442503118,0.0006000000000000449,0.807215,0.058881282806396484,0.95,
Covertype,15,Baseline C - QuickScorer,0.927925,292.4768898487091,100.0,0.0002013194370223722,0.0,0.0,0.058881282806396484,,
Covertype,15,Baseline D - Full BranchyNet,0.847675,0.0017197132110595703,3.0,1.0,0.0,0.0,0.0017197132110595703,,
Covertype,15,Baseline D - Early Exit BranchyNet,0.8443,0.002265453338623047,2.098275,0.7591033466638603,0.003374999999999906,0.3005749999999999,0.0017197132110595703,,
Covertype,15,Full GBM,0.771,0.23957085609436035,100.0,1.0,0.0,0.0,0.23957085609436035,,
Covertype,15,LazyGBM,0.766375,0.883338451385498,80.99805,0.27121071851745887,0.00462499999999999,0.1900194999999999,0.23957085609436035,,3.0
Higgs,15,Baseline A - Full RF,0.7215,0.05762434005737305,100.0,1.0,0.0,0.0,0.05762434005737305,,
Higgs,15,Baseline B - Fixed Cascade,0.721425,2.0606508255004883,82.17025,0.027964145766120916,7.500000000004725e-05,0.1782975,0.05762434005737305,,
Higgs,15,Cascade RF (Two-Stage),0.721425,0.08791804313659668,90.6725,0.6554324687122887,7.500000000004725e-05,0.093275,0.05762434005737305,0.9,
Higgs,15,LazyRF,0.719775,1.0641570091247559,39.78925,0.05415022366367508,0.0017249999999999766,0.6021075,0.05762434005737305,0.95,
Higgs,15,Baseline C - QuickScorer,0.7215,282.52019143104553,100.0,0.00020396538656401617,0.0,0.0,0.05762434005737305,,
Higgs,15,Baseline D - Full BranchyNet,0.727525,0.001735687255859375,3.0,1.0,0.0,0.0,0.001735687255859375,,
Higgs,15,Baseline D - Early Exit BranchyNet,0.727225,0.0020971298217773438,2.486975,0.8276489313324238,0.00029999999999996696,0.17100833333333332,0.001735687255859375,,
Higgs,15,Full GBM,0.71295,0.04665708541870117,100.0,1.0,0.0,0.0,0.04665708541870117,,
Higgs,15,LazyGBM,0.71295,0.15548205375671387,84.535225,0.3000801976265796,0.0,0.15464775000000008,0.04665708541870117,,3.0
Credit Card,15,Baseline A - Full RF,0.99945,0.026308059692382812,100.0,1.0,0.0,0.0,0.026308059692382812,,
Credit Card,15,Baseline B - Fixed Cascade,0.99945,0.20995759963989258,10.0855,0.1253017739653383,0.0,0.899145,0.026308059692382812,,
Credit Card,15,Cascade RF (Two-Stage),0.99945,0.03282499313354492,10.1075,0.8014642862330946,0.0,0.898925,0.026308059692382812,0.9,
Credit Card,15,LazyRF,0.99945,0.1985318660736084,10.02075,0.13251303285805383,0.0,0.8997925,0.026308059692382812,0.95,
Credit Card,15,Baseline C - QuickScorer,0.99945,275.6433651447296,100.0,9.544238323519767e-05,0.0,0.0,0.026308059692382812,,
Credit Card,15,Baseline D - Full BranchyNet,0.9993,0.0016012191772460938,3.0,1.0,0.0,0.0,0.0016012191772460938,,
Credit Card,15,Baseline D - Early Exit BranchyNet,0.9993,0.0020623207092285156,1.001,0.7764161849710982,0.0,0.6663333333333334,0.0016012191772460938,,
Credit Card,15,Full GBM,0.998775,0.017372608184814453,100.0,1.0,0.0,0.0,0.017372608184814453,,
Credit Card,15,LazyGBM,0.998775,0.08606338500976562,35.0182,0.2018582952883294,0.0,0.649818,0.017372608184814453,,3.0
MNIST,16,Baseline A - Full RF,0.97,0.03980565071105957,100.0,1.0,0.0,0.0,0.03980565071105957,,
MNIST,16,Baseline B - Fixed Cascade,0.97,0.3666083812713623,44.19,0.10857812517274547,0.0,0.5581,0.03980565071105957,,
MNIST,16,Cascade RF (Two-Stage),0.97,0.04669523239135742,49.65,0.8524564216201864,0.0,0.5035000000000001,0.03980565071105957,0.9,
MNIST,16,LazyRF,0.9696,0.5663795471191406,17.353,0.07028087598418567,0.00039999999999995595,0.82647,0.03980565071105957,0.95,
MNIST,16,Baseline C - QuickScorer,0.97,117.67258143424988,100.0,0.0003382746450013181,0.0,0.0,0.03980565071105957,,
MNIST,16,Baseline D - Full BranchyNet,0.9666,0.0007760524749755859,3.0,1.0,0.0,0.0,0.0007760524749755859,,
MNIST,16,Baseline D - Early Exit BranchyNet,0.968,0.0010941028594970703,1.1296,0.7093048594465025,-0.0013999999999999568,0.6234666666666666,0.0007760524749755859,,
MNIST,16,Full GBM,0.9459,0.1610715389251709,100.0,1.0,0.0,0.0,0.1610715389251709,,
MNIST,16,LazyGBM,0.9419,2.5083706378936768,81.0,0.0642136120124678,0.0040000000000000036,0.18999999999999995,0.1610715389251709,,3.0
Covertype,16,Baseline A - Full RF,0.927025,0.062186241149902344,100.0,1.0,0.0,0.0,0.062186241149902344,,
Covertype,16,Baseline B - Fixed Cascade,0.926925,1.1789166927337646,45.16525,0.05274863061417852,9.999999999998899e-05,0.5483475,0.062186241149902344,,
Covertype,16,Cascade RF (Two-Stage),0.926925,0.06868720054626465,51.247499999999995,0.9053541366563113,9.999999999998899e-05,0.4875250000000001,0.062186241149902344,0.9,
Covertype,16,LazyRF,0.926625,1.748138427734375,19.32875,0.03557283574533457,0.00039999999999995595,0.8067124999999999,0.062186241149902344,0.95,
Covertype,16,Baseline C - QuickScorer,0.927025,294.3989040851593,100.0,0.00021123122500454024,0.0,0.0,0.062186241149902344,,
Covertype,16,Baseline D - Full BranchyNet,0.8284,0.0017440319061279297,3.0,1.0,0.0,0.0,0.0017440319061279297,,
Covertype,16,Baseline D - Early Exit BranchyNet,0.82645,0.002424478530883789,2.0594,0.7193431015832432,0.0019500000000000073,0.31353333333333333,0.0017440319061279297,,
Covertype,16,Full GBM,0.774175,0.24083924293518066,100.0,1.0,0.0,0.0,0.24083924293518066,,
Covertype,16,LazyGBM,0.76915,0.8807859420776367,80.998675,0.27343674714775584,0.005024999999999946,0.1900132499999999,0.24083924293518066,,3.0
Higgs,16,Baseline A - Full RF,0.721725,0.05903744697570801,100.0,1.0,0.0,0.0,0.05903744697570801,,
Higgs,16,Baseline B - Fixed Cascade,0.721275,2.057033061981201,81.794,0.02870029075704158,0.00044999999999995044,0.18206,0.05903744697570801,,
Higgs,16,Cascade RF (Two-Stage),0.721275,0.08034205436706543,90.285,0.7348262057873043,0.00044999999999995044,0.09715000000000007,0.05903744697570801,0.9,
Higgs,16,LazyRF,0.7205,1.040642261505127,39.45775,0.05673174073318869,0.0012249999999999206,0.6054225,0.05903744697570801,0.95,
Higgs,16,Baseline C - QuickScorer,0.721725,283.79400634765625,100.0,0.00020802922420914467,0.0,0.0,0.05903744697570801,,
Higgs,16,Baseline D - Full BranchyNet,0.731825,0.0017514228820800781,3.0,1.0,0.0,0.0,0.0017514228820800781,,
Higgs,16,Baseline D - Early Exit BranchyNet,0.73175,0.002702951431274414,2.48835,0.6479668342595043,7.499999999993623e-05,0.17054999999999998,0.0017514228820800781,,
Higgs,16,Full GBM,0.710925,0.04580378532409668,100.0,1.0,0.0,0.0,0.04580378532409668,,
Higgs,16,LazyGBM,0.710925,0.15716767311096191,86.295825,0.2914326109018536,0.0,0.13704175000000007,0.04580378532409668,,3.0
Credit Card,16,Baseline A - Full RF,0.999675,0.026602745056152344,100.0,1.0,0.0,0.0,0.026602745056152344,,
Credit Card,16,Baseline B - Fixed Cascade,0.999675,0.21779704093933105,10.0985,0.1221446578953418,0.0,0.899015,0.026602745056152344,,
Credit Card,16,Cascade RF (Two-Stage),0.999675,0.044786930084228516,10.115,0.5939845621506521,0.0,0.89885,0.026602745056152344,0.9,
Credit Card,16,LazyRF,0.999675,0.19940662384033203,10.0235,0.1334095354698627,0.0,0.899765,0.026602745056152344,0.95,
Credit Card,16,Baseline C - QuickScorer,0.999675,277.2854697704315,100.0,9.59399173645021e-05,0.0,0.0,0.026602745056152344,,
Credit Card,16,Baseline D - Full BranchyNet,0.999475,0.0015943050384521484,3.0,1.0,0.0,0.0,0.0015943050384521484,,
Credit Card,16,Baseline D - Early Exit BranchyNet,0.999475,0.002048969268798828,1.001,0.7781010006981615,0.0,0.6663333333333334,0.0015943050384521484,,
Credit Card,16,Full GBM,0.9983,0.01772451400756836,100.0,1.0,0.0,0.0,0.01772451400756836,,
Credit Card,16,LazyGBM,0.9983,0.12466263771057129,88.898575,0.14217984099389336,0.0,0.11101425000000009,0.01772451400756836,,3.0
MNIST,17,Baseline A - Full RF,0.9691,0.04002690315246582,100.0,1.0,0.0,0.0,0.04002690315246582,,
MNIST,17,Baseline B - Fixed Cascade,0.9691,0.3652341365814209,43.774,0.10959244808581223,0.0,0.56226,0.04002690315246582,,
MNIST,17,Cascade RF (Two-Stage),0.9691,0.04643988609313965,49.11,0.8619078667029464,0.0,0.5089,0.04002690315246582,0.9,
MNIST,17,LazyRF,0.9691,0.5720932483673096,17.411,0.06996569749197032,0.0,0.82589,0.04002690315246582,0.95,
MNIST,17,Baseline C - QuickScorer,0.9691,118.65588212013245,100.0,0.0003373360210827207,0.0,0.0,0.04002690315246582,,
MNIST,17,Baseline D - Full BranchyNet,0.9721,0.0007605552673339844,3.0,1.0,0.0,0.0,0.0007605552673339844,,
MNIST,17,Baseline D - Early Exit BranchyNet,0.9727,0.0010628700256347656,1.1187,0.7155675190668461,-0.0006000000000000449,0.6271,0.0007605552673339844,,
MNIST,17,Full GBM,0.9459,0.15802216529846191,100.0,1.0,0.0,0.0,0.15802216529846191,,
MNIST,17,LazyGBM,0.9419,2.4976935386657715,81.0,0.06326723549233941,0.0040000000000000036,0.18999999999999995,0.15802216529846191,,3.0
Covertype,17,Baseline A - Full RF,0.92645,0.06101036071777344,100.0,1.0,0.0,0.0,0.06101036071777344,,
Covertype,17,Baseline B - Fixed Cascade,0.92635,1.1753413677215576,45.3535,0.051908630456906545,9.999999999998899e-05,0.546465,0.06101036071777344,,
Covertype,17,Cascade RF (Two-Stage),0.92635,0.06913065910339355,51.365,0.8825369453880775,9.999999999998899e-05,0.48634999999999995,0.06101036071777344,0.9,
Covertype,17,LazyRF,0.925875,1.7385227680206299,19.237,0.03509321927790218,0.0005749999999999922,0.8076300000000001,0.06101036071777344,0.95,
Covertype,17,Baseline C - QuickScorer,0.92645,292.26232147216797,100.0,0.000208752056749756,0.0,0.0,0.06101036071777344,,
Covertype,17,Baseline D - Full BranchyNet,0.846675,0.0017294883728027344,3.0,1.0,0.0,0.0,0.0017294883728027344,,
Covertype,17,Baseline D - Early Exit BranchyNet,0.8424,0.002259492874145508,2.0957,0.7654320987654321,0.004274999999999918,0.30143333333333333,0.0017294883728027344,,
Covertype,17,Full GBM,0.772525,0.24092817306518555,100.0,1.0,0.0,0.0,0.24092817306518555,,
Covertype,17,LazyGBM,0.7682,0.8768627643585205,81.0,0.27476155090407955,0.004325000000000023,0.18999999999999995,0.24092817306518555,,3.0
Higgs,17,Baseline A - Full RF,0.72455,0.06319522857666016,100.0,1.0,0.0,0.0,0.06319522857666016,,
Higgs,17,Baseline B - Fixed Cascade,0.7246,2.0617263317108154,82.201,0.03065160860812255,-4.999999999999449e-05,0.1779900000000001,0.06319522857666016,,
Higgs,17,Cascade RF (Two-Stage),0.7246,0.08279657363891602,90.7525,0.7632589828204818,-4.999999999999449e-05,0.09247499999999997,0.06319522857666016,0.9,
Higgs,17,LazyRF,0.7232,1.0678532123565674,39.9715,0.0591796960906258,0.0013500000000000734,0.600285,0.06319522857666016,0.95,
Higgs,17,Baseline C - QuickScorer,0.72455,286.4838271141052,100.0,0.00022058916628298804,0.0,0.0,0.06319522857666016,,
Higgs,17,Baseline D - Full BranchyNet,0.731875,0.0016505718231201172,3.0,1.0,0.0,0.0,0.0016505718231201172,,
Higgs,17,Baseline D - Early Exit BranchyNet,0.731975,0.002126455307006836,2.490275,0.7762080950779235,-9.999999999998899e-05,0.16990833333333333,0.0016505718231201172,,
Higgs,17,Full GBM,0.717125,0.044127464294433594,100.0,1.0,0.0,0.0,0.044127464294433594,,
Higgs,17,LazyGBM,0.717125,0.15071845054626465,77.2151,0.29278077192605023,0.0,0.22784899999999997,0.044127464294433594,,3.0
Credit Card,17,Baseline A - Full RF,0.99945,0.026906490325927734,100.0,1.0,0.0,0.0,0.026906490325927734,,
Credit Card,17,Baseline B - Fixed Cascade,0.99945,0.2040870189666748,10.0725,0.13183832299653156,0.0,0.899275,0.026906490325927734,,
Credit Card,17,Cascade RF (Two-Stage),0.99945,0.03545641899108887,10.1,0.7588609084490469,0.0,0.899,0.026906490325927734,0.9,
Credit Card,17,LazyRF,0.99945,0.20089507102966309,10.0185,0.13393305364846342,0.0,0.899815,0.026906490325927734,0.95,
Credit Card,17,Baseline C - QuickScorer,0.99945,278.6644675731659,100.0,9.655515308518187e-05,0.0,0.0,0.026906490325927734,,
Credit Card,17,Baseline D - Full BranchyNet,0.99925,0.001699686050415039,3.0,1.0,0.0,0.0,0.001699686050415039,,
Credit Card,17,Baseline D - Early Exit BranchyNet,0.999275,0.0020601749420166016,1.001175,0.825020252285615,-2.5000000000052758e-05,0.666275,0.001699686050415039,,
Credit Card,17,Full GBM,0.9985,0.017777442932128906,100.0,1.0,0.0,0.0,0.017777442932128906,,
Credit Card,17,LazyGBM,0.9985,0.10037088394165039,54.90335,0.17711752884894033,0.0,0.45096649999999994,0.017777442932128906,,3.0
MNIST,18,Baseline A - Full RF,0.9699,0.03983807563781738,100.0,1.0,0.0,0.0,0.03983807563781738,,
MNIST,18,Baseline B - Fixed Cascade,0.9699,0.36710214614868164,43.456,0.10852041061531248,0.0,0.5654399999999999,0.03983807563781738,,
MNIST,18,Cascade RF (Two-Stage),0.9699,0.04926180839538574,48.64,0.8087010391106336,0.0,0.5136000000000001,0.03983807563781738,0.9,
MNIST,18,LazyRF,0.9695,0.5561497211456299,17.285,0.07163192594208931,0.00039999999999995595,0.82715,0.03983807563781738,0.95,
MNIST,18,Baseline C - QuickScorer,0.9699,117.67647099494934,100.0,0.00033853900699934507,0.0,0.0,0.03983807563781738,,
MNIST,18,Baseline D - Full BranchyNet,0.9778,0.0007696151733398438,3.0,1.0,0.0,0.0,0.0007696151733398438,,
MNIST,18,Baseline D - Early Exit BranchyNet,0.978,0.0010814666748046875,1.1195,0.7116402116402116,-0.00019999999999997797,0.6268333333333334,0.0007696151733398438,,
MNIST,18,Full GBM,0.9459,0.15658116340637207,100.0,1.0,0.0,0.0,0.15658116340637207,,
MNIST,18,LazyGBM,0.9419,2.5063064098358154,81.0,0.06247486851243758,0.0040000000000000036,0.18999999999999995,0.15658116340637207,,3.0
Covertype,18,Baseline A - Full RF,0.9281,0.05920243263244629,100.0,1.0,0.0,0.0,0.05920243263244629,,
Covertype,18,Baseline B - Fixed Cascade,0.928075,1.1820957660675049,45.305,0.05008260272295525,2.5000000000052758e-05,0.54695,0.05920243263244629,,
Covertype,18,Cascade RF (Two-Stage),0.928075,0.0684664249420166,51.362500000000004,0.8646929160180938,2.5000000000052758e-05,0.486375,0.05920243263244629,0.9,
Covertype,18,LazyRF,0.927475,1.7370526790618896,19.487,0.034082116993952694,0.0006249999999999867,0.80513,0.05920243263244629,0.95,
Covertype,18,Baseline C - QuickScorer,0.9281,292.2062895298004,100.0,0.0002026049224597836,0.0,0.0,0.05920243263244629,,
Covertype,18,Baseline D - Full BranchyNet,0.847075,0.0017104148864746094,3.0,1.0,0.0,0.0,0.0017104148864746094,,
Covertype,18,Baseline D - Early Exit BranchyNet,0.841825,0.0022661685943603516,2.0799,0.7547606522882694,0.005249999999999977,0.3067000000000001,0.0017104148864746094,,
Covertype,18,Full GBM,0.773625,0.2399141788482666,100.0,1.0,0.0,0.0,0.2399141788482666,,
Covertype,18,LazyGBM,0.76885,0.8749899864196777,81.0,0.27419077083379884,0.004774999999999974,0.18999999999999995,0.2399141788482666,,3.0
Higgs,18,Baseline A - Full RF,0.718175,0.06606578826904297,100.0,1.0,0.0,0.0,0.06606578826904297,,
Higgs,18,Baseline B - Fixed Cascade,0.71795,2.0580403804779053,82.04725,0.032101308067483875,0.00022500000000003073,0.17952749999999995,0.06606578826904297,,
Higgs,18,Cascade RF (Two-Stage),0.71795,0.08079218864440918,90.64,0.8177249481359944,0.00022500000000003073,0.09360000000000002,0.06606578826904297,0.9,
Higgs,18,LazyRF,0.71705,1.0368900299072266,39.54175,0.06371532791664904,0.0011250000000000426,0.6045825,0.06606578826904297,0.95,
Higgs,18,Baseline C - QuickScorer,0.718175,288.07407236099243,100.0,0.00022933611389453463,0.0,0.0,0.06606578826904297,,
Higgs,18,Baseline D - Full BranchyNet,0.7281,0.0016651153564453125,3.0,1.0,0.0,0.0,0.0016651153564453125,,
Higgs,18,Baseline D - Early Exit BranchyNet,0.727775,0.0021355152130126953,2.4892,0.7797253544713632,0.0003250000000000197,0.17026666666666668,0.0016651153564453125,,
Higgs,18,Full GBM,0.707825,0.047865867614746094,100.0,1.0,0.0,0.0,0.047865867614746094,,
Higgs,18,LazyGBM,0.707825,0.16852688789367676,82.480125,0.2840251084737562,0.0,0.17519874999999996,0.047865867614746094,,3.0
Credit Card,18,Baseline A - Full RF,0.99955,0.027223587036132812,100.0,1.0,0.0,0.0,0.027223587036132812,,
Credit Card,18,Baseline B - Fixed Cascade,0.999575,0.20708632469177246,10.08825,0.13146009074550158,-2.4999999999941735e-05,0.8991175,0.027223587036132812,,
Credit Card,18,Cascade RF (Two-Stage),0.999575,0.044255971908569336,10.105,0.6151392876960291,-2.4999999999941735e-05,0.89895,0.027223587036132812,0.9,
Credit Card,18,LazyRF,0.999575,0.2052011489868164,10.02,0.13266780995403613,-2.4999999999941735e-05,0.8998,0.027223587036132812,0.95,
Credit Card,18,Baseline C - QuickScorer,0.99955,275.4053781032562,100.0,9.884914820336596e-05,0.0,0.0,0.027223587036132812,,
Credit Card,18,Baseline D - Full BranchyNet,0.9992,0.0016086101531982422,3.0,1.0,0.0,0.0,0.0016086101531982422,,
Credit Card,18,Baseline D - Early Exit BranchyNet,0.999225,0.002059459686279297,1.002625,0.7810835841630007,-2.5000000000052758e-05,0.6657916666666666,0.0016086101531982422,,
Credit Card,18,Full GBM,0.998325,0.01741170883178711,100.0,1.0,0.0,0.0,0.01741170883178711,,
Credit Card,18,LazyGBM,0.998325,0.0756988525390625,20.9956,0.2300128502318081,0.0,0.790044,0.01741170883178711,,3.0
MNIST,19,Baseline A - Full RF,0.9699,0.03939032554626465,100.0,1.0,0.0,0.0,0.03939032554626465,,
MNIST,19,Baseline B - Fixed Cascade,0.9699,0.36243581771850586,43.921,0.10868220970604527,0.0,0.56079,0.03939032554626465,,
MNIST,19,Cascade RF (Two-Stage),0.9699,0.04672551155090332,49.290000000000006,0.8430153943494523,0.0,0.5070999999999999,0.03939032554626465,0.9,
MNIST,19,LazyRF,0.9696,0.5665690898895264,17.536,0.06952431089021333,0.00029999999999996696,0.82464,0.03939032554626465,0.95,
MNIST,19,Baseline C - QuickScorer,0.9699,118.5400459766388,100.0,0.00033229551432793834,0.0,0.0,0.03939032554626465,,
MNIST,19,Baseline D - Full BranchyNet,0.9751,0.0007801055908203125,3.0,1.0,0.0,0.0,0.0007801055908203125,,
MNIST,19,Baseline D - Early Exit BranchyNet,0.9761,0.0010845661163330078,1.111,0.7192789624093208,-0.0010000000000000009,0.6296666666666666,0.0007801055908203125,,
MNIST,19,Full GBM,0.9458,0.15548205375671387,100.0,1.0,0.0,0.0,0.15548205375671387,,
MNIST,19,LazyGBM,0.9418,2.4815897941589355,81.0,0.0626542122806441,0.0040000000000000036,0.18999999999999995,0.15548205375671387,,3.0
Covertype,19,Baseline A - Full RF,0.927375,0.061105966567993164,100.0,1.0,0.0,0.0,0.061105966567993164,,
Covertype,19,Baseline B - Fixed Cascade,0.927275,1.1381444931030273,44.2745,0.05368911147774777,9.999999999998899e-05,0.557255,0.061105966567993164,,
Covertype,19,Cascade RF (Two-Stage),0.927275,0.06929492950439453,50.0925,0.881824500075694,9.999999999998899e-05,0.49907499999999994,0.061105966567993164,0.9,
Covertype,19,LazyRF,0.92695,1.7007250785827637,19.08725,0.03592936173959024,0.0004249999999998977,0.8091275,0.061105966567993164,0.95,
Covertype,19,Baseline C - QuickScorer,0.927375,287.3756239414215,100.0,0.00021263448071868815,0.0,0.0,0.061105966567993164,,
Covertype,19,Baseline D - Full BranchyNet,0.841575,0.0017218589782714844,3.0,1.0,0.0,0.0,0.0017218589782714844,,
Covertype,19,Baseline D - Early Exit BranchyNet,0.83615,0.0022614002227783203,2.06905,0.7614127569847127,0.005425000000000013,0.3103166666666667,0.0017218589782714844,,
Covertype,19,Full GBM,0.77275,0.24073076248168945,100.0,1.0,0.0,0.0,0.24073076248168945,,
Covertype,19,LazyGBM,0.7679,0.8729064464569092,80.993975,0.27578071333853194,0.004850000000000021,0.19006024999999993,0.24073076248168945,,3.0
Higgs,19,Baseline A - Full RF,0.71895,0.0578463077545166,100.0,1.0,0.0,0.0,0.0578463077545166,,
Higgs,19,Baseline B - Fixed Cascade,0.718925,2.0416693687438965,82.32675,0.028332847933211433,2.4999999999941735e-05,0.17673249999999996,0.0578463077545166,,
Higgs,19,Cascade RF (Two-Stage),0.718925,0.07997608184814453,90.97,0.7232950954555752,2.4999999999941735e-05,0.09030000000000005,0.0578463077545166,0.9,
Higgs,19,LazyRF,0.71765,1.051048755645752,39.502,0.05503675014483654,0.0012999999999999678,0.60498,0.0578463077545166,0.95,
Higgs,19,Baseline C - QuickScorer,0.71895,282.68034958839417,100.0,0.00020463505099928446,0.0,0.0,0.0578463077545166,,
Higgs,19,Baseline D - Full BranchyNet,0.7288,0.0016598701477050781,3.0,1.0,0.0,0.0,0.0016598701477050781,,
Higgs,19,Baseline D - Early Exit BranchyNet,0.7287,0.002127408981323242,2.489975,0.780230864059173,9.999999999998899e-05,0.17000833333333343,0.0016598701477050781,,
Higgs,19,Full GBM,0.7121,0.044417381286621094,100.0,1.0,0.0,0.0,0.044417381286621094,,
Higgs,19,LazyGBM,0.7121,0.1499934196472168,74.7712,0.29612886612686334,0.0,0.25228800000000007,0.044417381286621094,,3.0
Credit Card,19,Baseline A - Full RF,0.9994,0.026904821395874023,100.0,1.0,0.0,0.0,0.026904821395874023,,
Credit Card,19,Baseline B - Fixed Cascade,0.9994,0.2013547420501709,10.07325,0.13361901051811453,0.0,0.8992675,0.026904821395874023,,
Credit Card,19,Cascade RF (Two-Stage),0.9994,0.033097028732299805,10.0925,0.8129074550313717,0.0,0.8990750000000001,0.026904821395874023,0.9,
Credit Card,19,LazyRF,0.9994,0.19375276565551758,10.0185,0.13886161214188503,0.0,0.899815,0.026904821395874023,0.95,
Credit Card,19,Baseline C - QuickScorer,0.9994,273.87140369415283,100.0,9.823888523213657e-05,0.0,0.0,0.026904821395874023,,
Credit Card,19,Baseline D - Full BranchyNet,0.998975,0.0016202926635742188,3.0,1.0,0.0,0.0,0.0016202926635742188,,
Credit Card,19,Baseline D - Early Exit BranchyNet,0.999025,0.0020732879638671875,1.001175,0.781508739650414,-5.0000000000105516e-05,0.666275,0.0016202926635742188,,
Credit Card,19,Full GBM,0.99795,0.01724982261657715,100.0,1.0,0.0,0.0,0.01724982261657715,,
Credit Card,19,LazyGBM,0.99795,0.0686807632446289,10.9949,0.2511594484635572,0.0,0.890051,0.01724982261657715,,3.0
MNIST,20,Baseline A - Full RF,0.9692,0.03945589065551758,100.0,1.0,0.0,0.0,0.03945589065551758,,
MNIST,20,Baseline B - Fixed Cascade,0.9693,0.357621431350708,43.674,0.11032865258241314,-0.00010000000000010001,0.56326,0.03945589065551758,,
MNIST,20,Cascade RF (Two-Stage),0.9693,0.0492708683013916,48.81,0.8007955210808247,-0.00010000000000010001,0.5119,0.03945589065551758,0.9,
MNIST,20,LazyRF,0.9693,0.5622973442077637,17.32,0.07016908591504745,-0.00010000000000010001,0.8268,0.03945589065551758,0.95,
MNIST,20,Baseline C - QuickScorer,0.9692,117.76037454605103,100.0,0.0003350523536258631,0.0,0.0,0.03945589065551758,,
MNIST,20,Baseline D - Full BranchyNet,0.9771,0.0008225440979003906,3.0,1.0,0.0,0.0,0.0008225440979003906,,
MNIST,20,Baseline D - Early Exit BranchyNet,0.9777,0.002222776412963867,1.1158,0.370052558189424,-0.0006000000000000449,0.6280666666666668,0.0008225440979003906,,
MNIST,20,Full GBM,0.9459,0.15625524520874023,100.0,1.0,0.0,0.0,0.15625524520874023,,
MNIST,20,LazyGBM,0.9419,2.4880895614624023,81.0,0.06280129446662662,0.0040000000000000036,0.18999999999999995,0.15625524520874023,,3.0
Covertype,20,Baseline A - Full RF,0.92575,0.06418418884277344,100.0,1.0,0.0,0.0,0.06418418884277344,,
Covertype,20,Baseline B - Fixed Cascade,0.9257,1.15800142288208,44.584,0.055426692553649265,4.999999999999449e-05,0.55416,0.06418418884277344,,
Covertype,20,Cascade RF (Two-Stage),0.9257,0.06867527961730957,50.585,0.9346039681299797,4.999999999999449e-05,0.49415,0.06418418884277344,0.9,
Covertype,20,LazyRF,0.9251,1.7130014896392822,19.26125,0.03746884590058886,0.0006499999999999284,0.8073875,0.06418418884277344,0.95,
Covertype,20,Baseline C - QuickScorer,0.92575,290.9547061920166,100.0,0.0002205985587337943,0.0,0.0,0.06418418884277344,,
Covertype,20,Baseline D - Full BranchyNet,0.830875,0.0017316341400146484,3.0,1.0,0.0,0.0,0.0017316341400146484,,
Covertype,20,Baseline D - Early Exit BranchyNet,0.826825,0.0022764205932617188,2.011575,0.7606828655215752,0.004049999999999998,0.32947499999999996,0.0017316341400146484,,
Covertype,20,Full GBM,0.77285,0.23876118659973145,100.0,1.0,0.0,0.0,0.23876118659973145,,
Covertype,20,LazyGBM,0.767025,0.874384880065918,81.0,0.27306188846921936,0.00582500000000008,0.18999999999999995,0.23876118659973145,,3.0
Higgs,20,Baseline A - Full RF,0.723425,0.06351447105407715,100.0,1.0,0.0,0.0,0.06351447105407715,,
Higgs,20,Baseline B - Fixed Cascade,0.72315,2.0317556858062744,82.175,0.031260880182487245,0.0002750000000000252,0.17825000000000002,0.06351447105407715,,
Higgs,20,Cascade RF (Two-Stage),0.72315,0.08120322227478027,90.7375,0.7821668805106418,0.0002750000000000252,0.09262500000000007,0.06351447105407715,0.9,
Higgs,20,LazyRF,0.722725,1.0352656841278076,39.70025,0.0613508899482039,0.0007000000000000339,0.6029975000000001,0.06351447105407715,0.95,
Higgs,20,Baseline C - QuickScorer,0.723425,282.0258011817932,100.0,0.0002252080156777424,0.0,0.0,0.06351447105407715,,
Higgs,20,Baseline D - Full BranchyNet,0.726275,0.0016798973083496094,3.0,1.0,0.0,0.0,0.0016798973083496094,,
Higgs,20,Baseline D - Early Exit BranchyNet,0.7262,0.002119779586791992,2.469675,0.7924867843887077,7.500000000004725e-05,0.17677500000000002,0.0016798973083496094,,
Higgs,20,Full GBM,0.71205,0.04363584518432617,100.0,1.0,0.0,0.0,0.04363584518432617,,
Higgs,20,LazyGBM,0.71205,0.15668249130249023,91.49225,0.278498540721331,0.0,0.08507750000000003,0.04363584518432617,,3.0
Credit Card,20,Baseline A - Full RF,0.999575,0.027434110641479492,100.0,1.0,0.0,0.0,0.027434110641479492,,
Credit Card,20,Baseline B - Fixed Cascade,0.999575,0.20564985275268555,10.0805,0.1334020436886563,0.0,0.899195,0.027434110641479492,,
Credit Card,20,Cascade RF (Two-Stage),0.999575,0.04496455192565918,10.1075,0.6101275219385456,0.0,0.898925,0.027434110641479492,0.9,
Credit Card,20,LazyRF,0.999575,0.1980738639831543,10.01625,0.13850444520945326,0.0,0.8998375000000001,0.027434110641479492,0.95,
Credit Card,20,Baseline C - QuickScorer,0.999575,270.66819024086,100.0,0.00010135698109580831,0.0,0.0,0.027434110641479492,,
Credit Card,20,Baseline D - Full BranchyNet,0.999225,0.0016222000122070312,3.0,1.0,0.0,0.0,0.0016222000122070312,,
Credit Card,20,Baseline D - Early Exit BranchyNet,0.999225,0.002058267593383789,1.0009,0.7881385381674968,0.0,0.6663666666666668,0.0016222000122070312,,
Credit Card,20,Full GBM,0.998125,0.017778396606445312,100.0,1.0,0.0,0.0,0.017778396606445312,,
Credit Card,20,LazyGBM,0.998125,0.09179568290710449,42.993725,0.1936735589672198,0.0,0.57006275,0.017778396606445312,,3.0
MNIST,21,Baseline A - Full RF,0.9694,0.03978228569030762,100.0,1.0,0.0,0.0,0.03978228569030762,,
MNIST,21,Baseline B - Fixed Cascade,0.9694,0.37393760681152344,43.897,0.10638749611070589,0.0,0.56103,0.03978228569030762,,
MNIST,21,Cascade RF (Two-Stage),0.9694,0.047991275787353516,49.379999999999995,0.8289482835709673,0.0,0.5062,0.03978228569030762,0.9,
MNIST,21,LazyRF,0.9694,0.5630254745483398,17.551,0.07065805632013551,0.0,0.8244900000000001,0.03978228569030762,0.95,
MNIST,21,Baseline C - QuickScorer,0.9694,117.8624517917633,100.0,0.0003375314621877547,0.0,0.0,0.03978228569030762,,
MNIST,21,Baseline D - Full BranchyNet,0.9735,0.0008089542388916016,3.0,1.0,0.0,0.0,0.0008089542388916016,,
MNIST,21,Baseline D - Early Exit BranchyNet,0.9733,0.001107931137084961,1.1293,0.7301484828921885,0.00019999999999997797,0.6235666666666666,0.0008089542388916016,,
MNIST,21,Full GBM,0.9459,0.1556541919708252,100.0,1.0,0.0,0.0,0.1556541919708252,,
MNIST,21,LazyGBM,0.9419,2.4880850315093994,81.0,0.06255983617907038,0.0040000000000000036,0.18999999999999995,0.1556541919708252,,3.0
Covertype,21,Baseline A - Full RF,0.9279,0.06429481506347656,100.0,1.0,0.0,0.0,0.06429481506347656,,
Covertype,21,Baseline B - Fixed Cascade,0.927825,1.1816143989562988,44.988,0.05441268752333007,7.499999999993623e-05,0.5501199999999999,0.06429481506347656,,
Covertype,21,Cascade RF (Two-Stage),0.927825,0.06878948211669922,51.0325,0.9346605481693031,7.499999999993623e-05,0.48967499999999997,0.06429481506347656,0.9,
Covertype,21,LazyRF,0.927175,1.7204058170318604,19.14125,0.03737188890374804,0.0007249999999999757,0.8085875,0.06429481506347656,0.95,
Covertype,21,Baseline C - QuickScorer,0.9279,290.7150249481201,100.0,0.00022116096364455318,0.0,0.0,0.06429481506347656,,
Covertype,21,Baseline D - Full BranchyNet,0.848125,0.001775979995727539,3.0,1.0,0.0,0.0,0.001775979995727539,,
Covertype,21,Baseline D - Early Exit BranchyNet,0.845175,0.0023887157440185547,2.0849,0.7434873739894201,0.002950000000000008,0.30503333333333327,0.001775979995727539,,
Covertype,21,Full GBM,0.772825,0.2387986183166504,100.0,1.0,0.0,0.0,0.2387986183166504,,
Covertype,21,LazyGBM,0.76885,0.8748059272766113,80.997125,0.2729732514045288,0.003974999999999951,0.19002875000000008,0.2387986183166504,,3.0
Higgs,21,Baseline A - Full RF,0.722075,0.0595545768737793,100.0,1.0,0.0,0.0,0.0595545768737793,,
Higgs,21,Baseline B - Fixed Cascade,0.72165,2.0632083415985107,81.894,0.028865033003714125,0.0004250000000000087,0.18106,0.0595545768737793,,
Higgs,21,Cascade RF (Two-Stage),0.72165,0.08026719093322754,90.4725,0.7419541680899411,0.0004250000000000087,0.095275,0.0595545768737793,0.9,
Higgs,21,LazyRF,0.7197,1.0035195350646973,39.23025,0.05934570757502971,0.002375000000000016,0.6076975,0.0595545768737793,0.95,
Higgs,21,Baseline C - QuickScorer,0.722075,283.4508774280548,100.0,0.0002101054595920077,0.0,0.0,0.0595545768737793,,
Higgs,21,Baseline D - Full BranchyNet,0.732275,0.0017054080963134766,3.0,1.0,0.0,0.0,0.0017054080963134766,,
Higgs,21,Baseline D - Early Exit BranchyNet,0.7323,0.0022077560424804688,2.4701,0.7724622030237581,-2.4999999999941735e-05,0.1766333333333333,0.0017054080963134766,,
Higgs,21,Full GBM,0.710675,0.044794559478759766,100.0,1.0,0.0,0.0,0.044794559478759766,,
Higgs,21,LazyGBM,0.710675,0.15421795845031738,82.625675,0.29046266679240673,0.0,0.17374325000000002,0.044794559478759766,,3.0
Credit Card,21,Baseline A - Full RF,0.999575,0.026762962341308594,100.0,1.0,0.0,0.0,0.026762962341308594,,
Credit Card,21,Baseline B - Fixed Cascade,0.999575,0.20432543754577637,10.087,0.13098203856929322,0.0,0.89913,0.026762962341308594,,
Credit Card,21,Cascade RF (Two-Stage),0.999575,0.03675556182861328,10.1175,0.7281336758257441,0.0,0.898825,0.026762962341308594,0.9,
Credit Card,21,LazyRF,0.99955,0.19741034507751465,10.015,0.1355702120413189,2.4999999999941735e-05,0.89985,0.026762962341308594,0.95,
Credit Card,21,Baseline C - QuickScorer,0.999575,274.3496217727661,100.0,9.755057130523543e-05,0.0,0.0,0.026762962341308594,,
Credit Card,21,Baseline D - Full BranchyNet,0.999275,0.0016303062438964844,3.0,1.0,0.0,0.0,0.0016303062438964844,,
Credit Card,21,Baseline D - Early Exit BranchyNet,0.999275,0.0021343231201171875,1.001325,0.7638516532618409,0.0,0.6662250000000001,0.0016303062438964844,,
Credit Card,21,Full GBM,0.999375,0.01738739013671875,100.0,1.0,0.0,0.0,0.01738739013671875,,
Credit Card,21,LazyGBM,0.999375,0.13181686401367188,97.97455,0.13190565764722906,0.0,0.020254500000000064,0.01738739013671875,,3.0
MNIST,22,Baseline A - Full RF,0.9701,0.039855241775512695,100.0,1.0,0.0,0.0,0.039855241775512695,,
MNIST,22,Baseline B - Fixed Cascade,0.9701,0.3637988567352295,44.188,0.10955296048255338,0.0,0.55812,0.039855241775512695,,
MNIST,22,Cascade RF (Two-Stage),0.9701,0.047499895095825195,49.57,0.8390595746603156,0.0,0.5043,0.039855241775512695,0.9,
MNIST,22,LazyRF,0.9699,0.5604841709136963,17.436,0.07110859475396251,0.00019999999999997797,0.82564,0.039855241775512695,0.95,
MNIST,22,Baseline C - QuickScorer,0.9701,116.76952528953552,100.0,0.0003413154389100217,0.0,0.0,0.039855241775512695,,
MNIST,22,Baseline D - Full BranchyNet,0.9713,0.0008635520935058594,3.0,1.0,0.0,0.0,0.0008635520935058594,,
MNIST,22,Baseline D - Early Exit BranchyNet,0.9721,0.0011911392211914062,1.119,0.7249799839871898,-0.0007999999999999119,0.627,0.0008635520935058594,,
MNIST,22,Full GBM,0.9458,0.15653181076049805,100.0,1.0,0.0,0.0,0.15653181076049805,,
MNIST,22,LazyGBM,0.9418,2.490664005279541,81.0,0.06284742158263519,0.0040000000000000036,0.18999999999999995,0.15653181076049805,,3.0
Covertype,22,Baseline A - Full RF,0.92735,0.06522703170776367,100.0,1.0,0.0,0.0,0.06522703170776367,,
Covertype,22,Baseline B - Fixed Cascade,0.92725,1.150588035583496,44.56525,0.056690170322069425,9.999999999998899e-05,0.5543475,0.06522703170776367,,
Covertype,22,Cascade RF (Two-Stage),0.92725,0.0692451000213623,50.485,0.9419732470260127,9.999999999998899e-05,0.49515,0.06522703170776367,0.9,
Covertype,22,LazyRF,0.926975,1.7134559154510498,19.15175,0.03806752839076885,0.0003750000000000142,0.8084825,0.06522703170776367,0.95,
Covertype,22,Baseline C - QuickScorer,0.92735,290.02936148643494,100.0,0.00022489802885289746,0.0,0.0,0.06522703170776367,,
Covertype,22,Baseline D - Full BranchyNet,0.8408,0.0017421245574951172,3.0,1.0,0.0,0.0,0.0017421245574951172,,
Covertype,22,Baseline D - Early Exit BranchyNet,0.8394,0.0023963451385498047,2.13355,0.7269923390707392,0.0013999999999999568,0.2888166666666666,0.0017421245574951172,,
Covertype,22,Full GBM,0.769525,0.23675966262817383,100.0,1.0,0.0,0.0,0.23675966262817383,,
Covertype,22,LazyGBM,0.765125,0.8731570243835449,81.0,0.27115359095384683,0.0043999999999999595,0.18999999999999995,0.23675966262817383,,3.0
Higgs,22,Baseline A - Full RF,0.72025,0.06197357177734375,100.0,1.0,0.0,0.0,0.06197357177734375,,
Higgs,22,Baseline B - Fixed Cascade,0.7201,2.057724714279175,82.769,0.030117523178533247,0.00014999999999998348,0.17230999999999996,0.06197357177734375,,
Higgs,22,Cascade RF (Two-Stage),0.7201,0.08989334106445312,91.3725,0.6894122639507745,0.00014999999999998348,0.08627499999999999,0.06197357177734375,0.9,
Higgs,22,LazyRF,0.7182,1.0519964694976807,39.407,0.05891043703496039,0.0020499999999999963,0.6059300000000001,0.06197357177734375,0.95,
Higgs,22,Baseline C - QuickScorer,0.72025,285.6832344532013,100.0,0.00021693107716300321,0.0,0.0,0.06197357177734375,,
Higgs,22,Baseline D - Full BranchyNet,0.73025,0.001691579818725586,3.0,1.0,0.0,0.0,0.001691579818725586,,
Higgs,22,Baseline D - Early Exit BranchyNet,0.7304,0.002106904983520508,2.5187,0.8028742786013353,-0.0001500000000000945,0.16043333333333332,0.001691579818725586,,
Higgs,22,Full GBM,0.711675,0.0438387393951416,100.0,1.0,0.0,0.0,0.0438387393951416,,
Higgs,22,LazyGBM,0.711675,0.15840744972229004,79.723725,0.2767467027087231,0.0,0.20276275,0.0438387393951416,,3.0
Credit Card,22,Baseline A - Full RF,0.999525,0.03835630416870117,100.0,1.0,0.0,0.0,0.03835630416870117,,
Credit Card,22,Baseline B - Fixed Cascade,0.999525,0.21012425422668457,10.08275,0.1825410603352906,0.0,0.8991724999999999,0.03835630416870117,,
Credit Card,22,Cascade RF (Two-Stage),0.999525,0.04592132568359375,10.11,0.8352612560225952,0.0,0.8989,0.03835630416870117,0.9,
Credit Card,22,LazyRF,0.9995,0.20395922660827637,10.01725,0.18805868607438977,2.4999999999941735e-05,0.8998275,0.03835630416870117,0.95,
Credit Card,22,Baseline C - QuickScorer,0.999525,271.8941171169281,100.0,0.00014107073950484202,0.0,0.0,0.03835630416870117,,
Credit Card,22,Baseline D - Full BranchyNet,0.999275,0.0016026496887207031,3.0,1.0,0.0,0.0,0.0016026496887207031,,
Credit Card,22,Baseline D - Early Exit BranchyNet,0.999275,0.002045154571533203,1.001325,0.7836325483795756,0.0,0.6662250000000001,0.0016026496887207031,,
Credit Card,22,Full GBM,0.99895,0.01724982261657715,100.0,1.0,0.0,0.0,0.01724982261657715,,
Credit Card,22,LazyGBM,0.99895,0.07393026351928711,9.9853,0.23332559354501656,0.0,0.900147,0.01724982261657715,,3.0
MNIST,23,Baseline A - Full RF,0.9688,0.0406336784362793,100.0,1.0,0.0,0.0,0.0406336784362793,,
MNIST,23,Baseline B - Fixed Cascade,0.9688,0.3738861083984375,43.527,0.1086792943721177,0.0,0.56473,0.0406336784362793,,
MNIST,23,Cascade RF (Two-Stage),0.9688,0.04737424850463867,48.879999999999995,0.8577165806081469,0.0,0.5112000000000001,0.0406336784362793,0.9,
MNIST,23,LazyRF,0.9687,0.5703299045562744,17.511,0.07124591944357701,9.999999999998899e-05,0.82489,0.0406336784362793,0.95,
MNIST,23,Baseline C - QuickScorer,0.9688,116.70285844802856,100.0,0.000348180661353507,0.0,0.0,0.0406336784362793,,
MNIST,23,Baseline D - Full BranchyNet,0.971,0.0007951259613037109,3.0,1.0,0.0,0.0,0.0007951259613037109,,
MNIST,23,Baseline D - Early Exit BranchyNet,0.9713,0.0011019706726074219,1.125,0.7215491129381221,-0.000300000000000078,0.625,0.0007951259613037109,,
MNIST,23,Full GBM,0.9458,0.15366864204406738,100.0,1.0,0.0,0.0,0.15366864204406738,,
MNIST,23,LazyGBM,0.9418,2.4798402786254883,81.0,0.061967153033437285,0.0040000000000000036,0.18999999999999995,0.15366864204406738,,3.0
Covertype,23,Baseline A - Full RF,0.925175,0.0606381893157959,100.0,1.0,0.0,0.0,0.0606381893157959,,
Covertype,23,Baseline B - Fixed Cascade,0.925075,1.1584525108337402,45.159,0.052344130422881545,9.999999999998899e-05,0.5484100000000001,0.0606381893157959,,
Covertype,23,Cascade RF (Two-Stage),0.925075,0.06908750534057617,51.235,0.8777012430376776,9.999999999998899e-05,0.48765000000000003,0.0606381893157959,0.9,
Covertype,23,LazyRF,0.924875,1.7205610275268555,19.30575,0.03524326562421188,0.00029999999999996696,0.8069425,0.0606381893157959,0.95,
Covertype,23,Baseline C - QuickScorer,0.925175,289.5478103160858,100.0,0.00020942375371307427,0.0,0.0,0.0606381893157959,,
Covertype,23,Baseline D - Full BranchyNet,0.846125,0.0017199516296386719,3.0,1.0,0.0,0.0,0.0017199516296386719,,
Covertype,23,Baseline D - Early Exit BranchyNet,0.8398,0.0022649765014648438,2.0615,0.7593684210526316,0.006325000000000025,0.3128333333333333,0.0017199516296386719,,
Covertype,23,Full GBM,0.771525,0.2376699447631836,100.0,1.0,0.0,0.0,0.2376699447631836,,
Covertype,23,LazyGBM,0.766875,0.8741552829742432,80.99655,0.27188526957651127,0.004650000000000043,0.1900345,0.2376699447631836,,3.0
Higgs,23,Baseline A - Full RF,0.7219,0.06034517288208008,100.0,1.0,0.0,0.0,0.06034517288208008,,
Higgs,23,Baseline B - Fixed Cascade,0.721825,2.0200862884521484,81.69525,0.029872571893113726,7.499999999993623e-05,0.18304750000000003,0.06034517288208008,,
Higgs,23,Cascade RF (Two-Stage),0.721825,0.07773184776306152,90.11,0.7763249506948726,7.499999999993623e-05,0.09889999999999999,0.06034517288208008,0.9,
Higgs,23,LazyRF,0.7214,1.0444562435150146,39.7295,0.057776640483276104,0.0004999999999999449,0.602705,0.06034517288208008,0.95,
Higgs,23,Baseline C - QuickScorer,0.7219,279.67423462867737,100.0,0.0002157695111321219,0.0,0.0,0.06034517288208008,,
Higgs,23,Baseline D - Full BranchyNet,0.730425,0.0016984939575195312,3.0,1.0,0.0,0.0,0.0016984939575195312,,
Higgs,23,Baseline D - Early Exit BranchyNet,0.730275,0.002204418182373047,2.476225,0.7704953493402552,0.00014999999999998348,0.1745916666666667,0.0016984939575195312,,
Higgs,23,Full GBM,0.7087,0.04412841796875,100.0,1.0,0.0,0.0,0.04412841796875,,
Higgs,23,LazyGBM,0.7087,0.1484391689300537,73.78275,0.29728284176492414,0.0,0.26217250000000003,0.04412841796875,,3.0
Credit Card,23,Baseline A - Full RF,0.999525,0.02721714973449707,100.0,1.0,0.0,0.0,0.02721714973449707,,
Credit Card,23,Baseline B - Fixed Cascade,0.999525,0.20415592193603516,10.06575,0.13331550452415764,0.0,0.8993425,0.02721714973449707,,
Credit Card,23,Cascade RF (Two-Stage),0.999525,0.03324389457702637,10.08,0.8187112274536522,0.0,0.8992,0.02721714973449707,0.9,
Credit Card,23,LazyRF,0.999525,0.19454717636108398,10.016,0.1398999987744948,0.0,0.89984,0.02721714973449707,0.95,
Credit Card,23,Baseline C - QuickScorer,0.999525,272.8488447666168,100.0,9.975174993970544e-05,0.0,0.0,0.02721714973449707,,
Credit Card,23,Baseline D - Full BranchyNet,0.999275,0.001642465591430664,3.0,1.0,0.0,0.0,0.001642465591430664,,
Credit Card,23,Baseline D - Early Exit BranchyNet,0.999275,0.0020575523376464844,1.00125,0.7982618771726535,0.0,0.66625,0.001642465591430664,,
Credit Card,23,Full GBM,0.998625,0.017421722412109375,100.0,1.0,0.0,0.0,0.017421722412109375,,
Credit Card,23,LazyGBM,0.998625,0.06877732276916504,9.994675,0.2533062019669085,0.0,0.90005325,0.017421722412109375,,3.0
MNIST,24,Baseline A - Full RF,0.9702,0.03946971893310547,100.0,1.0,0.0,0.0,0.03946971893310547,,
MNIST,24,Baseline B - Fixed Cascade,0.9702,0.3684670925140381,44.697,0.10711870811530266,0.0,0.5530299999999999,0.03946971893310547,,
MNIST,24,Cascade RF (Two-Stage),0.9702,0.04595637321472168,50.28,0.8588519104562787,0.0,0.4972,0.03946971893310547,0.9,
MNIST,24,LazyRF,0.9703,0.5653531551361084,17.555,0.06981427197236241,-0.00010000000000010001,0.82445,0.03946971893310547,0.95,
MNIST,24,Baseline C - QuickScorer,0.9702,116.94371724128723,100.0,0.0003375103841762488,0.0,0.0,0.03946971893310547,,
MNIST,24,Baseline D - Full BranchyNet,0.9731,0.000823974609375,3.0,1.0,0.0,0.0,0.000823974609375,,
MNIST,24,Baseline D - Early Exit BranchyNet,0.9733,0.0011453628540039062,1.1286,0.7194004995836802,-0.000200000000000089,0.6237999999999999,0.000823974609375,,
MNIST,24,Full GBM,0.9459,0.15504670143127441,100.0,1.0,0.0,0.0,0.15504670143127441,,
MNIST,24,LazyGBM,0.9419,2.495039939880371,81.0,0.062141971738820495,0.0040000000000000036,0.18999999999999995,0.15504670143127441,,3.0
Covertype,24,Baseline A - Full RF,0.927475,0.061049699783325195,100.0,1.0,0.0,0.0,0.061049699783325195,,
Covertype,24,Baseline B - Fixed Cascade,0.92745,1.139908790588379,44.29475,0.05355665320539689,2.5000000000052758e-05,0.5570525,0.061049699783325195,,
Covertype,24,Cascade RF (Two-Stage),0.92745,0.0684206485748291,49.989999999999995,0.8922701122389599,2.5000000000052758e-05,0.5001,0.061049699783325195,0.9,
Covertype,24,LazyRF,0.927325,1.674835443496704,18.955,0.0364511630204495,0.0001500000000000945,0.81045,0.061049699783325195,0.95,
Covertype,24,Baseline C - QuickScorer,0.927475,290.3262674808502,100.0,0.0002102796288914919,0.0,0.0,0.061049699783325195,,
Covertype,24,Baseline D - Full BranchyNet,0.83965,0.0017566680908203125,3.0,1.0,0.0,0.0,0.0017566680908203125,,
Covertype,24,Baseline D - Early Exit BranchyNet,0.836275,0.002269744873046875,2.080225,0.7739495798319328,0.003375000000000017,0.3065916666666667,0.0017566680908203125,,
Covertype,24,Full GBM,0.775275,0.2367854118347168,100.0,1.0,0.0,0.0,0.2367854118347168,,
Covertype,24,LazyGBM,0.76895,0.8763411045074463,80.9989,0.2701977695863116,0.006325000000000025,0.19001099999999993,0.2367854118347168,,3.0
Higgs,24,Baseline A - Full RF,0.7212,0.060814619064331055,100.0,1.0,0.0,0.0,0.060814619064331055,,
Higgs,24,Baseline B - Fixed Cascade,0.721525,2.0275497436523438,81.936,0.02999414404244511,-0.0003250000000000197,0.1806399999999999,0.060814619064331055,,
Higgs,24,Cascade RF (Two-Stage),0.721525,0.08436441421508789,90.44,0.7208562950402713,-0.0003250000000000197,0.09560000000000002,0.060814619064331055,0.9,
Higgs,24,LazyRF,0.7202,1.0424091815948486,39.58375,0.05834044839406237,0.0010000000000000009,0.6041624999999999,0.060814619064331055,0.95,
Higgs,24,Baseline C - QuickScorer,0.7212,282.0693175792694,100.0,0.00021560168112662746,0.0,0.0,0.060814619064331055,,
Higgs,24,Baseline D - Full BranchyNet,0.727375,0.001645803451538086,3.0,1.0,0.0,0.0,0.001645803451538086,,
Higgs,24,Baseline D - Early Exit BranchyNet,0.7276,0.002120494842529297,2.507,0.7761412187991905,-0.00022500000000003073,0.16433333333333333,0.001645803451538086,,
Higgs,24,Full GBM,0.713425,0.04448366165161133,100.0,1.0,0.0,0.0,0.04448366165161133,,
Higgs,24,LazyGBM,0.713425,0.15194988250732422,83.62245,0.29275219511582806,0.0,0.16377549999999996,0.04448366165161133,,3.0
Credit Card,24,Baseline A - Full RF,0.999525,0.03867077827453613,100.0,1.0,0.0,0.0,0.03867077827453613,,
Credit Card,24,Baseline B - Fixed Cascade,0.999525,0.19936275482177734,10.0655,0.19397192975742297,0.0,0.8993450000000001,0.03867077827453613,,
Credit Card,24,Cascade RF (Two-Stage),0.999525,0.035346269607543945,10.0825,1.0940554322678124,0.0,0.8991750000000001,0.03867077827453613,0.9,
Credit Card,24,LazyRF,0.999525,0.1982574462890625,10.012,0.19505334603247904,0.0,0.89988,0.03867077827453613,0.95,
Credit Card,24,Baseline C - QuickScorer,0.999525,272.17498779296875,100.0,0.00014208057319341647,0.0,0.0,0.03867077827453613,,
Credit Card,24,Baseline D - Full BranchyNet,0.998875,0.0015995502471923828,3.0,1.0,0.0,0.0,0.0015995502471923828,,
Credit Card,24,Baseline D - Early Exit BranchyNet,0.998925,0.0020487308502197266,1.00205,0.7807517747003375,-4.999999999999449e-05,0.6659833333333334,0.0015995502471923828,,
Credit Card,24,Full GBM,0.998825,0.01739335060119629,100.0,1.0,0.0,0.0,0.01739335060119629,,
Credit Card,24,LazyGBM,0.998825,0.08306002616882324,29.98185,0.20940699640334234,0.0,0.7001815,0.01739335060119629,,3.0
MNIST,25,Baseline A - Full RF,0.9688,0.040073394775390625,100.0,1.0,0.0,0.0,0.040073394775390625,,
MNIST,25,Baseline B - Fixed Cascade,0.9688,0.3641676902770996,44.447,0.11004104934432347,0.0,0.55553,0.040073394775390625,,
MNIST,25,Cascade RF (Two-Stage),0.9688,0.04797768592834473,49.83,0.8352506795605095,0.0,0.5017,0.040073394775390625,0.9,
MNIST,25,LazyRF,0.9683,0.5644609928131104,17.56,0.07099409044312595,0.0004999999999999449,0.8244,0.040073394775390625,0.95,
MNIST,25,Baseline C - QuickScorer,0.9688,116.17061257362366,100.0,0.00034495294367148084,0.0,0.0,0.040073394775390625,,
MNIST,25,Baseline D - Full BranchyNet,0.9718,0.0008337497711181641,3.0,1.0,0.0,0.0,0.0008337497711181641,,
MNIST,25,Baseline D - Early Exit BranchyNet,0.9721,0.001154184341430664,1.1237,0.7223714108655237,-0.00029999999999996696,0.6254333333333333,0.0008337497711181641,,
MNIST,25,Full GBM,0.9459,0.1560804843902588,100.0,1.0,0.0,0.0,0.1560804843902588,,
MNIST,25,LazyGBM,0.9419,2.468682050704956,81.0,0.06322421485816228,0.0040000000000000036,0.18999999999999995,0.1560804843902588,,3.0
Covertype,25,Baseline A - Full RF,0.930225,0.061782121658325195,100.0,1.0,0.0,0.0,0.061782121658325195,,
Covertype,25,Baseline B - Fixed Cascade,0.93015,1.1336045265197754,44.3255,0.0545005954131107,7.499999999993623e-05,0.556745,0.061782121658325195,,
Covertype,25,Cascade RF (Two-Stage),0.93015,0.06831192970275879,50.22,0.9044118930200579,7.499999999993623e-05,0.4978,0.061782121658325195,0.9,
Covertype,25,LazyRF,0.929675,1.6922204494476318,19.1905,0.036509499503147996,0.0005499999999999394,0.808095,0.061782121658325195,0.95,
Covertype,25,Baseline C - QuickScorer,0.930225,289.64964866638184,100.0,0.00021329948764925235,0.0,0.0,0.061782121658325195,,
Covertype,25,Baseline D - Full BranchyNet,0.842725,0.0017137527465820312,3.0,1.0,0.0,0.0,0.0017137527465820312,,
Covertype,25,Baseline D - Early Exit BranchyNet,0.839375,0.0022614002227783203,2.070025,0.7578281497100685,0.003349999999999964,0.3099916666666668,0.0017137527465820312,,
Covertype,25,Full GBM,0.7716,0.2370898723602295,100.0,1.0,0.0,0.0,0.2370898723602295,,
Covertype,25,LazyGBM,0.76635,0.873549222946167,80.9999,0.2714098600655962,0.005249999999999977,0.1900010000000001,0.2370898723602295,,3.0
Higgs,25,Baseline A - Full RF,0.720525,0.06883096694946289,100.0,1.0,0.0,0.0,0.06883096694946289,,
Higgs,25,Baseline B - Fixed Cascade,0.720625,2.035414218902588,81.9535,0.03381668768461966,-9.999999999998899e-05,0.180465,0.06883096694946289,,
Higgs,25,Cascade RF (Two-Stage),0.720625,0.08851981163024902,90.515,0.7775769704184724,-9.999999999998899e-05,0.09484999999999999,0.06883096694946289,0.9,
Higgs,25,LazyRF,0.720125,1.0223312377929688,39.53025,0.06732746139896566,0.00039999999999995595,0.6046975,0.06883096694946289,0.95,
Higgs,25,Baseline C - QuickScorer,0.720525,279.81423592567444,100.0,0.0002459880810629881,0.0,0.0,0.06883096694946289,,
Higgs,25,Baseline D - Full BranchyNet,0.723475,0.0016331672668457031,3.0,1.0,0.0,0.0,0.0016331672668457031,,
Higgs,25,Baseline D - Early Exit BranchyNet,0.723725,0.002125978469848633,2.488225,0.7681955814735898,-0.00024999999999997247,0.1705916666666667,0.0016331672668457031,,
Higgs,25,Full GBM,0.712,0.04483938217163086,100.0,1.0,0.0,0.0,0.04483938217163086,,
Higgs,25,LazyGBM,0.712,0.15053772926330566,76.180125,0.2978614224557769,0.0,0.23819875000000001,0.04483938217163086,,3.0
Credit Card,25,Baseline A - Full RF,0.99955,0.028261899948120117,100.0,1.0,0.0,0.0,0.028261899948120117,,
Credit Card,25,Baseline B - Fixed Cascade,0.99955,0.20363998413085938,10.0675,0.13878364835247176,0.0,0.8993249999999999,0.028261899948120117,,
Credit Card,25,Cascade RF (Two-Stage),0.99955,0.0340123176574707,10.0875,0.8309313182576512,0.0,0.899125,0.028261899948120117,0.9,
Credit Card,25,LazyRF,0.99955,0.1935429573059082,10.0235,0.1460239129417156,0.0,0.899765,0.028261899948120117,0.95,
Credit Card,25,Baseline C - QuickScorer,0.99955,273.4347038269043,100.0,0.00010335886247274265,0.0,0.0,0.028261899948120117,,
Credit Card,25,Baseline D - Full BranchyNet,0.999325,0.0016105175018310547,3.0,1.0,0.0,0.0,0.0016105175018310547,,
Credit Card,25,Baseline D - Early Exit BranchyNet,0.999325,0.002046823501586914,1.001425,0.7868375072801398,0.0,0.6661916666666667,0.0016105175018310547,,
Credit Card,25,Full GBM,0.99905,0.017132282257080078,100.0,1.0,0.0,0.0,0.017132282257080078,,
Credit Card,25,LazyGBM,0.99905,0.06934881210327148,13.00245,0.2470450716815072,0.0,0.8699755,0.017132282257080078,,3.0
MNIST,26,Baseline A - Full RF,0.9705,0.0395815372467041,100.0,1.0,0.0,0.0,0.0395815372467041,,
MNIST,26,Baseline B - Fixed Cascade,0.9705,0.3665649890899658,44.275,0.10797959004478093,0.0,0.55725,0.0395815372467041,,
MNIST,26,Cascade RF (Two-Stage),0.9705,0.047310829162597656,49.65,0.8366274264750347,0.0,0.5035000000000001,0.0395815372467041,0.9,
MNIST,26,LazyRF,0.9706,0.56026291847229,17.358,0.07064814739949947,-9.999999999998899e-05,0.8264199999999999,0.0395815372467041,0.95,
MNIST,26,Baseline C - QuickScorer,0.9705,116.3161346912384,100.0,0.0003402927491682339,0.0,0.0,0.0395815372467041,,
MNIST,26,Baseline D - Full BranchyNet,0.9738,0.0008418560028076172,3.0,1.0,0.0,0.0,0.0008418560028076172,,
MNIST,26,Baseline D - Early Exit BranchyNet,0.9747,0.0011484622955322266,1.1159,0.7330288561345235,-0.0009000000000000119,0.6280333333333334,0.0008418560028076172,,
MNIST,26,Full GBM,0.9459,0.15404486656188965,100.0,1.0,0.0,0.0,0.15404486656188965,,
MNIST,26,LazyGBM,0.9419,2.4698071479797363,81.0,0.06237121254098562,0.0040000000000000036,0.18999999999999995,0.15404486656188965,,3.0
Covertype,26,Baseline A - Full RF,0.9252,0.06952714920043945,100.0,1.0,0.0,0.0,0.06952714920043945,,
Covertype,26,Baseline B - Fixed Cascade,0.92525,1.1497423648834229,44.98925,0.06047193816980824,-4.999999999999449e-05,0.5501075,0.06952714920043945,,
Covertype,26,Cascade RF (Two-Stage),0.92525,0.0676572322845459,50.92,1.0276380935600387,-4.999999999999449e-05,0.4908,0.06952714920043945,0.9,
Covertype,26,LazyRF,0.9249,1.7223758697509766,19.45075,0.04036700143186039,0.00029999999999996696,0.8054925,0.06952714920043945,0.95,
Covertype,26,Baseline C - QuickScorer,0.9252,287.7980167865753,100.0,0.0002415831421520853,0.0,0.0,0.06952714920043945,,
Covertype,26,Baseline D - Full BranchyNet,0.843275,0.001722574234008789,3.0,1.0,0.0,0.0,0.001722574234008789,,
Covertype,26,Baseline D - Early Exit BranchyNet,0.8403,0.0022640228271484375,2.10775,0.7608466722830666,0.00297499999999995,0.2974166666666668,0.001722574234008789,,
Covertype,26,Full GBM,0.7702,0.2393174171447754,100.0,1.0,0.0,0.0,0.2393174171447754,,
Covertype,26,LazyGBM,0.764475,0.8740849494934082,80.9996,0.273791943544476,0.00572499999999998,0.19000399999999995,0.2393174171447754,,3.0
Higgs,26,Baseline A - Full RF,0.720775,0.06367182731628418,100.0,1.0,0.0,0.0,0.06367182731628418,,
Higgs,26,Baseline B - Fixed Cascade,0.720575,2.025480270385742,82.1305,0.031435422130356376,0.000200000000000089,0.17869500000000005,0.06367182731628418,,
Higgs,26,Cascade RF (Two-Stage),0.720575,0.0831754207611084,90.745,0.7655125364398059,0.000200000000000089,0.09254999999999991,0.06367182731628418,0.9,
Higgs,26,LazyRF,0.719275,1.0431451797485352,39.43975,0.06103831810988493,0.0015000000000000568,0.6056025,0.06367182731628418,0.95,
Higgs,26,Baseline C - QuickScorer,0.720775,283.21635484695435,100.0,0.00022481691550154805,0.0,0.0,0.06367182731628418,,
Higgs,26,Baseline D - Full BranchyNet,0.726475,0.0016744136810302734,3.0,1.0,0.0,0.0,0.0016744136810302734,,
Higgs,26,Baseline D - Early Exit BranchyNet,0.726625,0.0021126270294189453,2.47845,0.7925742015573863,-0.00014999999999998348,0.17384999999999995,0.0016744136810302734,,
Higgs,26,Full GBM,0.708725,0.04494333267211914,100.0,1.0,0.0,0.0,0.04494333267211914,,
Higgs,26,LazyGBM,0.708725,0.14881587028503418,75.629975,0.30200631549603557,0.0,0.24370024999999995,0.04494333267211914,,3.0
Credit Card,26,Baseline A - Full RF,0.9995,0.026937484741210938,100.0,1.0,0.0,0.0,0.026937484741210938,,
Credit Card,26,Baseline B - Fixed Cascade,0.999475,0.20984649658203125,10.0745,0.12836756953281223,2.5000000000052758e-05,0.899255,0.026937484741210938,,
Credit Card,26,Cascade RF (Two-Stage),0.999475,0.04530620574951172,10.0925,0.5945650114719936,2.5000000000052758e-05,0.8990750000000001,0.026937484741210938,0.9,
Credit Card,26,LazyRF,0.999475,0.1970221996307373,10.0155,0.13672309410664218,2.5000000000052758e-05,0.899845,0.026937484741210938,0.95,
Credit Card,26,Baseline C - QuickScorer,0.9995,272.9398889541626,100.0,9.869383637704493e-05,0.0,0.0,0.026937484741210938,,
Credit Card,26,Baseline D - Full BranchyNet,0.999325,0.0016560554504394531,3.0,1.0,0.0,0.0,0.0016560554504394531,,
Credit Card,26,Baseline D - Early Exit BranchyNet,0.999275,0.002038240432739258,1.00055,0.8124926892034156,4.999999999999449e-05,0.6664833333333333,0.0016560554504394531,,
Credit Card,26,Full GBM,0.99875,0.017515897750854492,100.0,1.0,0.0,0.0,0.017515897750854492,,
Credit Card,26,LazyGBM,0.998725,0.1276085376739502,91.8359,0.13726274174231964,2.5000000000052758e-05,0.08164100000000007,0.017515897750854492,,3.0
MNIST,27,Baseline A - Full RF,0.9691,0.0406193733215332,100.0,1.0,0.0,0.0,0.0406193733215332,,
MNIST,27,Baseline B - Fixed Cascade,0.9691,0.3623509407043457,44.309,0.11209953875813423,0.0,0.55691,0.0406193733215332,,
MNIST,27,Cascade RF (Two-Stage),0.9691,0.04761958122253418,49.61,0.8529972813434069,0.0,0.5039,0.0406193733215332,0.9,
MNIST,27,LazyRF,0.9689,0.5608584880828857,17.395,0.07242356884064902,0.00019999999999997797,0.82605,0.0406193733215332,0.95,
MNIST,27,Baseline C - QuickScorer,0.9691,116.33327722549438,100.0,0.000349163835922878,0.0,0.0,0.0406193733215332,,
MNIST,27,Baseline D - Full BranchyNet,0.9742,0.0008494853973388672,3.0,1.0,0.0,0.0,0.0008494853973388672,,
MNIST,27,Baseline D - Early Exit BranchyNet,0.9746,0.0011837482452392578,1.1209,0.7176233635448137,-0.00040000000000006697,0.6263666666666667,0.0008494853973388672,,
MNIST,27,Full GBM,0.9458,0.15801095962524414,100.0,1.0,0.0,0.0,0.15801095962524414,,
MNIST,27,LazyGBM,0.9418,2.48002028465271,81.0,0.06371357549092435,0.0040000000000000036,0.18999999999999995,0.15801095962524414,,3.0
Covertype,27,Baseline A - Full RF,0.927825,0.06255936622619629,100.0,1.0,0.0,0.0,0.06255936622619629,,
Covertype,27,Baseline B - Fixed Cascade,0.927825,1.1539342403411865,44.39225,0.05421397861259339,0.0,0.5560775,0.06255936622619629,,
Covertype,27,Cascade RF (Two-Stage),0.927825,0.06892085075378418,50.29,0.907698694110525,0.0,0.4971,0.06255936622619629,0.9,
Covertype,27,LazyRF,0.9272,1.6972107887268066,19.06075,0.036860104025809505,0.0006249999999999867,0.8093925,0.06255936622619629,0.95,
Covertype,27,Baseline C - QuickScorer,0.927825,294.40386486053467,100.0,0.0002124950576169643,0.0,0.0,0.06255936622619629,,
Covertype,27,Baseline D - Full BranchyNet,0.84225,0.001729726791381836,3.0,1.0,0.0,0.0,0.001729726791381836,,
Covertype,27,Baseline D - Early Exit BranchyNet,0.836575,0.002279996871948242,2.099425,0.7586531423193559,0.005675000000000097,0.30019166666666663,0.001729726791381836,,
Covertype,27,Full GBM,0.77195,0.23652935028076172,100.0,1.0,0.0,0.0,0.23652935028076172,,
Covertype,27,LazyGBM,0.76655,0.8817470073699951,80.998625,0.26825081151821845,0.005400000000000071,0.19001374999999998,0.23652935028076172,,3.0
Higgs,27,Baseline A - Full RF,0.722125,0.0606229305267334,100.0,1.0,0.0,0.0,0.0606229305267334,,
Higgs,27,Baseline B - Fixed Cascade,0.722175,2.017540216445923,81.816,0.030047941563973432,-4.999999999999449e-05,0.18184,0.0606229305267334,,
Higgs,27,Cascade RF (Two-Stage),0.722175,0.08883023262023926,90.3025,0.6824583110786647,-4.999999999999449e-05,0.09697500000000003,0.0606229305267334,0.9,
Higgs,27,LazyRF,0.7219,1.024993896484375,39.40625,0.0591446746509066,0.00022500000000003073,0.6059375,0.0606229305267334,0.95,
Higgs,27,Baseline C - QuickScorer,0.722125,281.94038677215576,100.0,0.00021502038505652102,0.0,0.0,0.0606229305267334,,
Higgs,27,Baseline D - Full BranchyNet,0.733875,0.0017137527465820312,3.0,1.0,0.0,0.0,0.0017137527465820312,,
Higgs,27,Baseline D - Early Exit BranchyNet,0.734,0.0021979808807373047,2.470025,0.7796941099902376,-0.00012499999999993072,0.17665833333333325,0.0017137527465820312,,
Higgs,27,Full GBM,0.713575,0.0445249080657959,100.0,1.0,0.0,0.0,0.0445249080657959,,
Higgs,27,LazyGBM,0.713575,0.15282583236694336,79.574175,0.29134412275857335,0.0,0.20425825000000009,0.0445249080657959,,3.0
Credit Card,27,Baseline A - Full RF,0.999575,0.0270538330078125,100.0,1.0,0.0,0.0,0.0270538330078125,,
Credit Card,27,Baseline B - Fixed Cascade,0.999575,0.20477533340454102,10.0855,0.13211470619054827,0.0,0.899145,0.0270538330078125,,
Credit Card,27,Cascade RF (Two-Stage),0.999575,0.04619550704956055,10.1075,0.58563775431208,0.0,0.898925,0.0270538330078125,0.9,
Credit Card,27,LazyRF,0.99955,0.1919572353363037,10.01675,0.1409367714658681,2.4999999999941735e-05,0.8998325,0.0270538330078125,0.95,
Credit Card,27,Baseline C - QuickScorer,0.999575,273.4345796108246,100.0,9.894078885822642e-05,0.0,0.0,0.0270538330078125,,
Credit Card,27,Baseline D - Full BranchyNet,0.99955,0.00160980224609375,3.0,1.0,0.0,0.0,0.00160980224609375,,
Credit Card,27,Baseline D - Early Exit BranchyNet,0.99955,0.002039670944213867,1.0014,0.7892460549386324,0.0,0.6661999999999999,0.00160980224609375,,
Credit Card,27,Full GBM,0.998425,0.017478227615356445,100.0,1.0,0.0,0.0,0.017478227615356445,,
Credit Card,27,LazyGBM,0.998425,0.06869840621948242,10.0051,0.25441969584441004,0.0,0.899949,0.017478227615356445,,3.0
MNIST,28,Baseline A - Full RF,0.9701,0.03954792022705078,100.0,1.0,0.0,0.0,0.03954792022705078,,
MNIST,28,Baseline B - Fixed Cascade,0.9702,0.3773655891418457,44.249,0.10480001718488792,-9.999999999998899e-05,0.55751,0.03954792022705078,,
MNIST,28,Cascade RF (Two-Stage),0.9702,0.047189950942993164,49.71,0.8380580915378747,-9.999999999998899e-05,0.5029,0.03954792022705078,0.9,
MNIST,28,LazyRF,0.9701,0.5634274482727051,17.736,0.07019168190739113,0.0,0.82264,0.03954792022705078,0.95,
MNIST,28,Baseline C - QuickScorer,0.9701,116.56239342689514,100.0,0.00033928541671421835,0.0,0.0,0.03954792022705078,,
MNIST,28,Baseline D - Full BranchyNet,0.9707,0.0008530616760253906,3.0,1.0,0.0,0.0,0.0008530616760253906,,
MNIST,28,Baseline D - Early Exit BranchyNet,0.9718,0.0011620521545410156,1.1154,0.7340993024210094,-0.0010999999999999899,0.6282000000000001,0.0008530616760253906,,
MNIST,28,Full GBM,0.9459,0.15626001358032227,100.0,1.0,0.0,0.0,0.15626001358032227,,
MNIST,28,LazyGBM,0.9419,2.4738001823425293,81.0,0.06316598029851954,0.0040000000000000036,0.18999999999999995,0.15626001358032227,,3.0
Covertype,28,Baseline A - Full RF,0.926325,0.06960725784301758,100.0,1.0,0.0,0.0,0.06960725784301758,,
Covertype,28,Baseline B - Fixed Cascade,0.92625,1.1365885734558105,44.392,0.061242264323822924,7.499999999993623e-05,0.5560799999999999,0.06960725784301758,,
Covertype,28,Cascade RF (Two-Stage),0.92625,0.06941747665405273,50.33,1.002733910797574,7.499999999993623e-05,0.49670000000000003,0.06960725784301758,0.9,
Covertype,28,LazyRF,0.926125,1.6967518329620361,19.0035,0.04102382946686052,0.00019999999999997797,0.809965,0.06960725784301758,0.95,
Covertype,28,Baseline C - QuickScorer,0.926325,288.71025562286377,100.0,0.00024109728174652757,0.0,0.0,0.06960725784301758,,
Covertype,28,Baseline D - Full BranchyNet,0.849775,0.0017108917236328125,3.0,1.0,0.0,0.0,0.0017108917236328125,,
Covertype,28,Baseline D - Early Exit BranchyNet,0.843975,0.0022635459899902344,2.0479,0.755845797345692,0.005799999999999916,0.3173666666666667,0.0017108917236328125,,
Covertype,28,Full GBM,0.771325,0.2392258644104004,100.0,1.0,0.0,0.0,0.2392258644104004,,
Covertype,28,LazyGBM,0.76695,0.8759911060333252,81.0,0.27309165899373816,0.004375000000000018,0.18999999999999995,0.2392258644104004,,3.0
Higgs,28,Baseline A - Full RF,0.7233,0.06224250793457031,100.0,1.0,0.0,0.0,0.06224250793457031,,
Higgs,28,Baseline B - Fixed Cascade,0.72305,2.03401517868042,82.296,0.030600807991487324,0.0002500000000000835,0.17703999999999998,0.06224250793457031,,
Higgs,28,Cascade RF (Two-Stage),0.72305,0.08008813858032227,90.89,0.7771751102960877,0.0002500000000000835,0.09109999999999996,0.06224250793457031,0.9,
Higgs,28,LazyRF,0.7209,1.029783010482788,39.449,0.060442352710198106,0.0024000000000000687,0.60551,0.06224250793457031,0.95,
Higgs,28,Baseline C - QuickScorer,0.7233,283.09709215164185,100.0,0.00021986275966843883,0.0,0.0,0.06224250793457031,,
Higgs,28,Baseline D - Full BranchyNet,0.7325,0.0016553401947021484,3.0,1.0,0.0,0.0,0.0016553401947021484,,
Higgs,28,Baseline D - Early Exit BranchyNet,0.732325,0.0021097660064697266,2.51415,0.7846084303311108,0.00017500000000003624,0.16195000000000004,0.0016553401947021484,,
Higgs,28,Full GBM,0.714275,0.04516124725341797,100.0,1.0,0.0,0.0,0.04516124725341797,,
Higgs,28,LazyGBM,0.714275,0.152357816696167,80.007725,0.29641568928149475,0.0,0.19992275000000004,0.04516124725341797,,3.0
Credit Card,28,Baseline A - Full RF,0.999525,0.02698230743408203,100.0,1.0,0.0,0.0,0.02698230743408203,,
Credit Card,28,Baseline B - Fixed Cascade,0.999525,0.20324087142944336,10.08225,0.13276024278142867,0.0,0.8991775,0.02698230743408203,,
Credit Card,28,Cascade RF (Two-Stage),0.999525,0.044976234436035156,10.1025,0.5999236657407604,0.0,0.898975,0.02698230743408203,0.9,
Credit Card,28,LazyRF,0.99955,0.19868254661560059,10.02,0.13580612838774322,-2.5000000000052758e-05,0.8998,0.02698230743408203,0.95,
Credit Card,28,Baseline C - QuickScorer,0.999525,273.17837953567505,100.0,9.87717530206608e-05,0.0,0.0,0.02698230743408203,,
Credit Card,28,Baseline D - Full BranchyNet,0.99935,0.0016608238220214844,3.0,1.0,0.0,0.0,0.0016608238220214844,,
Credit Card,28,Baseline D - Early Exit BranchyNet,0.999375,0.0020651817321777344,1.001625,0.8042022627568691,-2.5000000000052758e-05,0.6661250000000001,0.0016608238220214844,,
Credit Card,28,Full GBM,0.99925,0.017108678817749023,100.0,1.0,0.0,0.0,0.017108678817749023,,
Credit Card,28,LazyGBM,0.99925,0.06896567344665527,10.021925,0.24807528097267884,0.0,0.89978075,0.017108678817749023,,3.0
MNIST,29,Baseline A - Full RF,0.9693,0.04025864601135254,100.0,1.0,0.0,0.0,0.04025864601135254,,
MNIST,29,Baseline B - Fixed Cascade,0.9693,0.3618965148925781,44.411,0.11124353055265682,0.0,0.55589,0.04025864601135254,,
MNIST,29,Cascade RF (Two-Stage),0.9693,0.04741072654724121,50.04,0.8491463629277615,0.0,0.49960000000000004,0.04025864601135254,0.9,
MNIST,29,LazyRF,0.969,0.5600264072418213,17.51,0.07188704941545501,0.000300000000000078,0.8249,0.04025864601135254,0.95,
MNIST,29,Baseline C - QuickScorer,0.9693,116.18248343467712,100.0,0.00034651218343071234,0.0,0.0,0.04025864601135254,,
MNIST,29,Baseline D - Full BranchyNet,0.9718,0.0008337497711181641,3.0,1.0,0.0,0.0,0.0008337497711181641,,
MNIST,29,Baseline D - Early Exit BranchyNet,0.9726,0.0011348724365234375,1.1224,0.7346638655462185,-0.0008000000000000229,0.6258666666666666,0.0008337497711181641,,
MNIST,29,Full GBM,0.9459,0.1579587459564209,100.0,1.0,0.0,0.0,0.1579587459564209,,
MNIST,29,LazyGBM,0.9419,2.4778783321380615,81.0,0.06374757949480298,0.0040000000000000036,0.18999999999999995,0.1579587459564209,,3.0
Covertype,29,Baseline A - Full RF,0.9295,0.060262203216552734,100.0,1.0,0.0,0.0,0.060262203216552734,,
Covertype,29,Baseline B - Fixed Cascade,0.929325,1.1344873905181885,44.662,0.05311844249677149,0.00017500000000003624,0.55338,0.060262203216552734,,
Covertype,29,Cascade RF (Two-Stage),0.929325,0.06897568702697754,50.63,0.8736731131504814,0.00017500000000003624,0.4937,0.060262203216552734,0.9,
Covertype,29,LazyRF,0.928925,1.7139298915863037,19.12175,0.03516024985174738,0.0005749999999999922,0.8087825,0.060262203216552734,0.95,
Covertype,29,Baseline C - QuickScorer,0.9295,289.2707734107971,100.0,0.00020832454833234607,0.0,0.0,0.060262203216552734,,
Covertype,29,Baseline D - Full BranchyNet,0.847325,0.0017292499542236328,3.0,1.0,0.0,0.0,0.0017292499542236328,,
Covertype,29,Baseline D - Early Exit BranchyNet,0.841325,0.002267599105834961,2.041225,0.762590684470613,0.006000000000000005,0.3195916666666667,0.0017292499542236328,,
Covertype,29,Full GBM,0.77165,0.23749375343322754,100.0,1.0,0.0,0.0,0.23749375343322754,,
Covertype,29,LazyGBM,0.768775,0.9180314540863037,80.9999,0.2586989284257148,0.002874999999999961,0.1900010000000001,0.23749375343322754,,3.0
Higgs,29,Baseline A - Full RF,0.722925,0.060309648513793945,100.0,1.0,0.0,0.0,0.060309648513793945,,
Higgs,29,Baseline B - Fixed Cascade,0.722975,2.0104100704193115,82.40275,0.02999868007088482,-4.999999999999449e-05,0.17597249999999998,0.060309648513793945,,
Higgs,29,Cascade RF (Two-Stage),0.722975,0.0823218822479248,91.0475,0.7326077449512429,-4.999999999999449e-05,0.08952499999999997,0.060309648513793945,0.9,
Higgs,29,LazyRF,0.72005,1.019866943359375,39.56425,0.05913482038660642,0.002875000000000072,0.6043575,0.060309648513793945,0.95,
Higgs,29,Baseline C - QuickScorer,0.722925,282.5821166038513,100.0,0.00021342344391291174,0.0,0.0,0.060309648513793945,,
Higgs,29,Baseline D - Full BranchyNet,0.7338,0.0017347335815429688,3.0,1.0,0.0,0.0,0.0017347335815429688,,
Higgs,29,Baseline D - Early Exit BranchyNet,0.733725,0.0021369457244873047,2.48265,0.8117817694968202,7.500000000004725e-05,0.17245,0.0017347335815429688,,
Higgs,29,Full GBM,0.713625,0.04423046112060547,100.0,1.0,0.0,0.0,0.04423046112060547,,
Higgs,29,LazyGBM,0.713625,0.16351008415222168,82.781575,0.27050601404760205,0.0,0.17218424999999993,0.04423046112060547,,3.0
Credit Card,29,Baseline A - Full RF,0.999475,0.02746748924255371,100.0,1.0,0.0,0.0,0.02746748924255371,,
Credit Card,29,Baseline B - Fixed Cascade,0.999475,0.20164871215820312,10.088,0.1362145532623295,0.0,0.89912,0.02746748924255371,,
Credit Card,29,Cascade RF (Two-Stage),0.999475,0.0345158576965332,10.1075,0.795793327346826,0.0,0.898925,0.02746748924255371,0.9,
Credit Card,29,LazyRF,0.999475,0.19788479804992676,10.0245,0.13880545404818617,0.0,0.899755,0.02746748924255371,0.95,
Credit Card,29,Baseline C - QuickScorer,0.999475,275.722336769104,100.0,9.96201089995679e-05,0.0,0.0,0.02746748924255371,,
Credit Card,29,Baseline D - Full BranchyNet,0.999325,0.0017304420471191406,3.0,1.0,0.0,0.0,0.0017304420471191406,,
Credit Card,29,Baseline D - Early Exit BranchyNet,0.999325,0.0020554065704345703,1.001175,0.8418976916830994,0.0,0.666275,0.0017304420471191406,,
Credit Card,29,Full GBM,0.998075,0.01720881462097168,100.0,1.0,0.0,0.0,0.01720881462097168,,
Credit Card,29,LazyGBM,0.998075,0.10129380226135254,55.922,0.16989010419976605,0.0,0.44078000000000006,0.01720881462097168,,3.0
